datetime;air_humidity_100;air_temperature_100;atm_pressure_main;num_of_resets;piezo_charge;piezo_temperature;chuva
2020-09-30 23:00:00+00:00;38.0;31.366;9412;0;45123;30;0.0
2020-10-01 01:00:00+00:00;39.0;31.366;9419;0;44923;31;0.0
2020-10-01 02:00:00+00:00;39.0;31.322;9419;0;44825;31;0.0
2020-10-01 03:00:00+00:00;38.0;31.24;9416;0;44728;31;0.0
2020-10-01 04:00:00+00:00;39.0;30.828;9411;0;44632;30;0.0
2020-10-01 06:00:00+00:00;39.0;30.686;9413;0;44441;30;0.0
2020-10-01 07:00:00+00:00;40.0;30.63;9415;0;44347;30;0.0
2020-10-01 08:00:00+00:00;41.0;30.588;9419;0;44251;30;0.0
2020-10-01 09:00:00+00:00;41.0;30.474;9425;0;44156;30;0.0
2020-10-01 11:00:00+00:00;44.0;30.332;9438;0;43968;30;0.0
2020-10-01 13:00:00+00:00;44.0;30.474;9437;0;43778;30;0.0
2020-10-01 14:00:00+00:00;44.0;30.516;9432;0;43682;30;0.0
2020-10-01 15:00:00+00:00;44.0;30.346;9460;0;43581;30;0.0
2020-10-01 18:00:00+00:00;30.0;34.502;9473;0;42402;35;0.0
2020-10-01 20:00:00+00:00;22.0;37.91;9379;0;42033;39;0.0
2020-10-01 22:00:00+00:00;32.0;30.884;9389;0;41799;31;0.0
2020-10-01 23:00:00+00:00;34.0;30.276;9394;0;41708;28;0.0
2020-10-02 00:00:00+00:00;39.0;28.49;9394;0;41621;27;0.0
2020-10-02 01:00:00+00:00;39.0;27.98;9401;0;41539;26;0.0
2020-10-02 03:00:00+00:00;57.0;22.626;9400;0;41395;22;0.0
2020-10-02 04:00:00+00:00;62.0;22.922;9396;0;41330;21;0.0
2020-10-02 05:00:00+00:00;66.0;20.67;9398;0;41267;20;0.0
2020-10-02 06:00:00+00:00;61.0;22.116;9397;0;41204;20;0.0
2020-10-02 07:00:00+00:00;70.0;20.358;9398;0;41142;20;0.0
2020-10-02 09:00:00+00:00;69.0;19.862;9407;0;41023;19;0.0
2020-10-02 10:00:00+00:00;62.0;22.356;9414;0;40964;18;0.0
2020-10-02 11:00:00+00:00;39.0;30.108;9422;0;40891;24;0.0
2020-10-02 12:00:00+00:00;28.0;34.518;9425;0;40789;32;0.0
2020-10-02 14:00:00+00:00;23.0;37.684;9422;0;40533;40;0.0
2020-10-02 15:00:00+00:00;19.0;40.396;9415;0;40391;42;0.0
2020-10-02 16:00:00+00:00;17.0;42.156;9408;0;40235;45;0.0
2020-10-02 17:00:00+00:00;16.0;42.52;9399;0;40075;46;0.0
2020-10-02 18:00:00+00:00;16.0;41.984;9393;0;39915;45;0.0
2020-10-02 19:00:00+00:00;18.0;39.868;9387;0;39760;44;0.0
2020-10-02 20:00:00+00:00;18.0;39.968;9387;0;39622;41;0.0
2020-10-02 21:00:00+00:00;23.0;35.74;9391;0;39495;38;0.0
2020-10-02 22:00:00+00:00;29.0;31.566;9395;0;39392;32;0.0
2020-10-02 23:00:00+00:00;31.0;30.134;9403;0;39302;28;0.0
2020-10-03 00:00:00+00:00;33.0;29.48;9408;0;39217;27;0.0
2020-10-03 01:00:00+00:00;44.0;25.386;9412;0;39137;25;0.0
2020-10-03 02:00:00+00:00;53.0;23.774;9414;0;39064;23;0.0
2020-10-03 03:00:00+00:00;46.0;25.132;9413;0;38994;22;0.0
2020-10-03 04:00:00+00:00;62.0;21.872;9412;0;38925;22;0.0
2020-10-03 05:00:00+00:00;59.0;22.172;9412;0;38861;21;0.0
2020-10-03 06:00:00+00:00;67.0;21.066;9409;0;38797;21;0.0
2020-10-03 07:00:00+00:00;69.0;20.302;9411;0;38735;20;0.0
2020-10-03 08:00:00+00:00;58.0;22.612;9415;0;38672;20;0.0
2020-10-03 09:00:00+00:00;67.0;20.512;9424;0;38610;20;0.0
2020-10-03 10:00:00+00:00;64.0;22.368;9428;0;38550;19;0.0
2020-10-03 11:00:00+00:00;47.0;28.634;9436;0;38479;23;0.0
2020-10-03 12:00:00+00:00;29.0;33.51;9438;0;38381;31;0.0
2020-10-03 13:00:00+00:00;25.0;37.37;9437;0;38261;36;0.0
2020-10-03 14:00:00+00:00;22.0;40.452;9432;0;38119;42;0.0
2020-10-03 15:00:00+00:00;21.0;40.664;9426;0;37967;44;0.0
2020-10-03 16:00:00+00:00;17.0;41.7;9417;0;37808;45;0.0
2020-10-03 17:00:00+00:00;14.0;42.506;9405;0;37655;44;0.0
2020-10-03 18:00:00+00:00;13.0;42.65;9398;0;37499;45;0.0
2020-10-03 19:00:00+00:00;15.0;40.848;9390;0;37352;42;0.0
2020-10-03 20:00:00+00:00;17.0;38.804;9389;0;37213;41;0.0
2020-10-03 21:00:00+00:00;23.0;35.312;9393;0;37088;38;0.0
2020-10-03 22:00:00+00:00;31.0;30.176;9403;0;36986;31;0.0
2020-10-03 23:00:00+00:00;31.0;29.766;9409;0;36897;28;0.0
2020-10-04 00:00:00+00:00;58.0;27.88;9426;0;36807;28;0.0
2020-10-04 01:00:00+00:00;59.0;26.024;9434;0;36722;26;0.0
2020-10-04 02:00:00+00:00;64.0;23.59;9446;0;36644;24;0.0
2020-10-04 03:00:00+00:00;66.0;21.928;9445;0;36576;21;0.0
2020-10-04 04:00:00+00:00;70.0;20.868;9443;0;36511;20;0.0
2020-10-04 05:00:00+00:00;72.0;20.174;9442;0;36450;19;0.0
2020-10-04 06:00:00+00:00;74.0;19.62;9439;0;36392;18;0.0
2020-10-04 07:00:00+00:00;75.0;19.168;9440;0;36335;18;0.0
2020-10-04 08:00:00+00:00;77.0;18.502;9442;0;36280;17;0.0
2020-10-04 09:00:00+00:00;77.0;18.292;9449;0;36226;17;0.0
2020-10-04 10:00:00+00:00;72.0;19.452;9453;0;36172;17;0.0
2020-10-04 11:00:00+00:00;64.0;21.56;9460;0;36109;20;0.0
2020-10-04 12:00:00+00:00;54.0;24.79;9461;0;36035;24;0.0
2020-10-04 13:00:00+00:00;49.0;26.804;9457;0;35945;28;0.0
2020-10-04 14:00:00+00:00;43.0;29.438;9456;0;35840;33;0.0
2020-10-04 15:00:00+00:00;38.0;32.29;9449;0;35722;36;0.0
2020-10-04 16:00:00+00:00;36.0;33.282;9439;0;35593;39;0.0
2020-10-04 17:00:00+00:00;34.0;34.786;9431;0;35457;40;0.0
2020-10-04 18:00:00+00:00;33.0;35.354;9422;0;35321;40;0.0
2020-10-04 19:00:00+00:00;33.0;35.51;9417;0;35187;40;0.0
2020-10-04 20:00:00+00:00;35.0;34.7;9416;0;35061;38;0.0
2020-10-04 21:00:00+00:00;43.0;31.408;9418;0;34949;34;0.0
2020-10-04 22:00:00+00:00;53.0;28.222;9420;0;34858;29;0.0
2020-10-04 23:00:00+00:00;60.0;26.38;9426;0;34776;26;0.0
2020-10-05 00:00:00+00:00;63.0;24.89;9429;0;34701;24;0.0
2020-10-05 01:00:00+00:00;66.0;23.688;9434;0;34630;23;0.0
2020-10-05 02:00:00+00:00;69.0;22.582;9435;0;34562;22;0.0
2020-10-05 03:00:00+00:00;72.0;21.532;9432;0;34498;20;0.0
2020-10-05 04:00:00+00:00;74.0;20.658;9430;0;34436;19;0.0
2020-10-05 05:00:00+00:00;75.0;20.048;9430;0;34377;19;0.0
2020-10-05 06:00:00+00:00;77.0;19.508;9428;0;34320;18;0.0
2020-10-05 07:00:00+00:00;77.0;19.24;9428;0;34263;18;0.0
2020-10-05 08:00:00+00:00;80.0;18.732;9429;0;34208;17;0.0
2020-10-05 09:00:00+00:00;78.0;18.788;9436;0;34154;17;0.0
2020-10-05 10:00:00+00:00;76.0;19.976;9442;0;34100;17;0.0
2020-10-05 11:00:00+00:00;60.0;23.912;9449;0;34036;20;0.0
2020-10-05 12:00:00+00:00;54.0;26.224;9452;0;33956;25;0.0
2020-10-05 13:00:00+00:00;46.0;29.822;9450;0;33857;31;0.0
2020-10-05 14:00:00+00:00;38.0;33.99;9446;0;33737;37;0.0
2020-10-05 15:00:00+00:00;34.0;35.838;9439;0;33601;40;0.0
2020-10-05 16:00:00+00:00;30.0;37.71;9431;0;33460;41;0.0
2020-10-05 17:00:00+00:00;29.0;38.094;9421;0;33315;42;0.0
2020-10-05 18:00:00+00:00;26.0;39.728;9412;0;33171;42;0.0
2020-10-05 19:00:00+00:00;28.0;37.286;9408;0;33033;40;0.0
2020-10-05 20:00:00+00:00;30.0;36.874;9406;0;32906;38;0.0
2020-10-05 21:00:00+00:00;39.0;32.556;9408;0;32792;35;0.0
2020-10-05 22:00:00+00:00;47.0;27.824;9413;0;32700;29;0.0
2020-10-05 23:00:00+00:00;54.0;26.42;9417;0;32621;25;0.0
2020-10-06 00:00:00+00:00;61.0;25.26;9420;0;32545;24;0.0
2020-10-06 01:00:00+00:00;65.0;24.156;9421;0;32473;23;0.0
2020-10-06 02:00:00+00:00;69.0;23.046;9422;0;32404;22;0.0
2020-10-06 03:00:00+00:00;68.0;23.106;9417;0;32337;21;0.0
2020-10-06 04:00:00+00:00;68.0;22.948;9414;0;32272;21;0.0
2020-10-06 05:00:00+00:00;72.0;21.944;9412;0;32207;21;0.0
2020-10-06 06:00:00+00:00;78.0;20.67;9407;0;32146;19;0.0
2020-10-06 07:00:00+00:00;83.0;19.664;9409;0;32086;19;0.0
2020-10-06 08:00:00+00:00;85.0;19.324;9414;0;32030;17;0.0
2020-10-06 09:00:00+00:00;83.0;19.96;9422;0;31975;17;0.0
2020-10-06 10:00:00+00:00;80.0;21.418;9425;0;31917;18;0.0
2020-10-06 11:00:00+00:00;61.0;27.044;9431;0;31846;22;0.0
2020-10-06 12:00:00+00:00;43.0;32.602;9436;0;31750;31;0.0
2020-10-06 13:00:00+00:00;36.0;36.262;9438;0;31631;37;0.0
2020-10-06 14:00:00+00:00;30.0;37.742;9435;0;31490;41;0.0
2020-10-06 15:00:00+00:00;27.0;39.358;9427;0;31337;44;0.0
2020-10-06 16:00:00+00:00;21.0;41.956;9417;0;31173;46;0.0
2020-10-06 17:00:00+00:00;20.0;42.664;9408;0;31008;47;0.0
2020-10-06 18:00:00+00:00;19.0;41.644;9398;0;30843;46;0.0
2020-10-06 19:00:00+00:00;20.0;40.38;9393;0;30691;43;0.0
2020-10-06 20:00:00+00:00;19.0;40.38;9392;0;30546;42;0.0
2020-10-06 21:00:00+00:00;28.0;35.878;9393;0;30415;39;0.0
2020-10-06 22:00:00+00:00;32.0;31.82;9397;0;30311;32;0.0
2020-10-06 23:00:00+00:00;43.0;28.9;9404;0;30220;28;0.0
2020-10-07 00:00:00+00:00;50.0;27.614;9409;0;30138;26;0.0
2020-10-07 01:00:00+00:00;58.0;25.288;9412;0;30061;25;0.0
2020-10-07 02:00:00+00:00;55.0;25.642;9414;0;29986;24;0.0
2020-10-07 03:00:00+00:00;57.0;24.962;9413;0;29914;23;0.0
2020-10-07 04:00:00+00:00;50.0;26.152;9411;0;29843;23;0.0
2020-10-07 05:00:00+00:00;58.0;24.086;9409;0;29771;23;0.0
2020-10-07 06:00:00+00:00;60.0;24.126;9406;0;29697;23;0.0
2020-10-07 07:00:00+00:00;59.0;24.352;9407;0;29626;23;0.0
2020-10-07 08:00:00+00:00;57.0;24.75;9409;0;29555;23;0.0
2020-10-07 09:00:00+00:00;66.0;22.626;9419;0;29485;22;0.0
2020-10-07 10:00:00+00:00;80.0;22.368;9432;0;29402;21;0.2
2020-10-07 11:00:00+00:00;64.0;25.742;9430;0;29334;22;0.0
2020-10-07 12:00:00+00:00;56.0;27.992;9433;0;29255;25;0.0
2020-10-07 13:00:00+00:00;36.0;33.908;9438;0;29162;29;0.0
2020-10-07 14:00:00+00:00;29.0;36.762;9439;0;29035;38;0.0
2020-10-07 15:00:00+00:00;22.0;39.67;9435;0;28890;43;0.0
2020-10-07 16:00:00+00:00;21.0;41.134;9424;0;28729;46;0.0
2020-10-07 17:00:00+00:00;20.0;42.124;9414;0;28566;46;0.0
2020-10-07 18:00:00+00:00;22.0;40.396;9405;0;28408;45;0.0
2020-10-07 19:00:00+00:00;23.0;40.634;9398;0;28260;43;0.0
2020-10-07 20:00:00+00:00;24.0;38.406;9397;0;28121;41;0.0
2020-10-07 21:00:00+00:00;30.0;35.172;9401;0;27998;37;0.0
2020-10-07 22:00:00+00:00;41.0;29.792;9406;0;27896;31;0.0
2020-10-07 23:00:00+00:00;40.0;30.134;9413;0;27809;28;0.0
2020-10-08 00:00:00+00:00;46.0;28.304;9421;0;27721;28;0.0
2020-10-08 01:00:00+00:00;56.0;26.28;9444;0;27640;26;0.0
2020-10-08 02:00:00+00:00;81.0;22.794;9467;0;27546;24;0.0
2020-10-08 03:00:00+00:00;84.0;22.014;9446;0;27472;22;0.0
2020-10-08 04:00:00+00:00;85.0;21.066;9442;0;27407;21;0.0
2020-10-08 05:00:00+00:00;85.0;20.658;9441;0;27347;19;0.0
2020-10-08 06:00:00+00:00;86.0;20.526;9433;0;27287;19;0.0
2020-10-08 07:00:00+00:00;83.0;20.74;9425;0;27228;19;0.0
2020-10-08 08:00:00+00:00;84.0;20.414;9423;0;27168;19;0.0
2020-10-08 09:00:00+00:00;88.0;19.776;9421;0;27110;18;0.0
2020-10-08 10:00:00+00:00;82.0;21.362;9426;0;27053;18;0.0
2020-10-08 11:00:00+00:00;62.0;25.742;9429;0;26984;22;0.0
2020-10-08 12:00:00+00:00;48.0;29.766;9432;0;26897;28;0.0
2020-10-08 13:00:00+00:00;43.0;31.084;9430;0;26793;32;0.0
2020-10-08 14:00:00+00:00;36.0;35.14;9437;0;26681;34;0.0
2020-10-08 15:00:00+00:00;29.0;38.664;9429;0;26544;41;0.0
2020-10-08 16:00:00+00:00;35.0;35.27;9424;0;26409;40;0.0
2020-10-08 17:00:00+00:00;40.0;34.02;9414;0;26284;38;0.0
2020-10-08 18:00:00+00:00;43.0;32.104;9404;0;26162;37;0.0
2020-10-08 19:00:00+00:00;49.0;31.098;9401;0;26052;34;0.0
2020-10-08 20:00:00+00:00;54.0;29.51;9402;0;25950;31;0.0
2020-10-08 21:00:00+00:00;57.0;28.248;9405;0;25858;28;0.0
2020-10-08 22:00:00+00:00;60.0;26.208;9408;0;25777;26;0.0
2020-10-08 23:00:00+00:00;61.0;25.542;9412;0;25701;24;0.0
2020-10-09 00:00:00+00:00;65.0;24.678;9417;0;25628;24;0.0
2020-10-09 01:00:00+00:00;68.0;23.83;9418;0;25557;23;0.0
2020-10-09 02:00:00+00:00;72.0;23.08;9420;0;25488;22;0.0
2020-10-09 03:00:00+00:00;74.0;22.524;9417;0;25421;21;0.0
2020-10-09 04:00:00+00:00;74.0;22.356;9413;0;25355;21;0.0
2020-10-09 05:00:00+00:00;76.0;21.734;9409;0;25290;21;0.0
2020-10-09 06:00:00+00:00;77.0;21.56;9402;0;25227;20;0.0
2020-10-09 07:00:00+00:00;79.0;21.036;9394;0;25165;20;0.0
2020-10-09 08:00:00+00:00;80.0;21.094;9391;0;25104;20;0.0
2020-10-09 09:00:00+00:00;82.0;20.966;9387;0;25043;20;0.0
2020-10-09 10:00:00+00:00;89.0;20.628;9394;0;24975;20;0.0
2020-10-09 11:00:00+00:00;93.0;19.946;9417;0;24835;19;1.2
2020-10-09 12:00:00+00:00;89.0;21.802;9408;0;24677;19;2.2
2020-10-09 13:00:00+00:00;88.0;21.97;9417;0;24607;22;0.0
2020-10-09 14:00:00+00:00;69.0;26.024;9416;0;24524;26;0.2
2020-10-09 15:00:00+00:00;61.0;28.166;9412;0;24422;32;0.0
2020-10-09 16:00:00+00:00;55.0;29.568;9404;0;24314;33;0.0
2020-10-09 17:00:00+00:00;54.0;30.302;9404;0;24200;35;0.0
2020-10-09 18:00:00+00:00;60.0;27.072;9404;0;24098;31;0.0
2020-10-09 19:00:00+00:00;57.0;25.36;9406;0;24009;28;0.0
2020-10-09 20:00:00+00:00;58.0;24.422;9418;0;23930;25;0.0
2020-10-09 21:00:00+00:00;58.0;22.878;9425;0;23854;24;0.0
2020-10-09 22:00:00+00:00;64.0;21.56;9428;0;23787;21;0.0
2020-10-09 23:00:00+00:00;70.0;20.512;9435;0;23727;19;0.0
2020-10-10 00:00:00+00:00;75.0;19.126;9438;0;23668;18;0.0
2020-10-10 01:00:00+00:00;79.0;18.024;9434;0;23616;16;0.0
2020-10-10 02:00:00+00:00;90.0;16.226;9440;0;23565;15;0.0
2020-10-10 03:00:00+00:00;92.0;15.716;9437;0;23517;14;0.0
2020-10-10 04:00:00+00:00;90.0;16.27;9433;0;23470;14;0.0
2020-10-10 05:00:00+00:00;81.0;16.72;9430;0;23422;15;0.2
2020-10-10 06:00:00+00:00;85.0;15.392;9434;0;23376;13;0.0
2020-10-10 07:00:00+00:00;89.0;14.146;9433;0;23331;13;0.0
2020-10-10 08:00:00+00:00;91.0;13.58;9441;0;23288;12;0.0
2020-10-10 09:00:00+00:00;92.0;13.894;9449;0;23246;12;0.0
2020-10-10 10:00:00+00:00;84.0;16.31;9457;0;23201;13;0.0
2020-10-10 11:00:00+00:00;62.0;21.516;9458;0;23148;17;0.0
2020-10-10 12:00:00+00:00;47.0;23.674;9460;0;23074;24;0.0
2020-10-10 13:00:00+00:00;33.0;25.472;9459;0;22984;29;0.0
2020-10-10 14:00:00+00:00;20.0;27.538;9456;0;22881;32;0.0
2020-10-10 15:00:00+00:00;19.0;29.312;9451;0;22765;35;0.0
2020-10-10 16:00:00+00:00;18.0;30.22;9441;0;22640;38;0.0
2020-10-10 17:00:00+00:00;16.0;31.168;9432;0;22512;38;0.0
2020-10-10 18:00:00+00:00;15.0;32.474;9425;0;22383;38;0.0
2020-10-10 19:00:00+00:00;18.0;30.588;9418;0;22260;37;0.0
2020-10-10 20:00:00+00:00;20.0;30.108;9417;0;22148;34;0.0
2020-10-10 21:00:00+00:00;24.0;26.748;9422;0;22052;30;0.0
2020-10-10 22:00:00+00:00;34.0;21.036;9425;0;21980;23;0.0
2020-10-10 23:00:00+00:00;46.0;18.178;9428;0;21924;17;0.0
2020-10-11 00:00:00+00:00;47.0;17.768;9428;0;21872;16;0.0
2020-10-11 01:00:00+00:00;49.0;17.738;9432;0;21823;15;0.0
2020-10-11 02:00:00+00:00;59.0;16.154;9430;0;21775;14;0.0
2020-10-11 03:00:00+00:00;65.0;15.688;9432;0;21729;14;0.0
2020-10-11 04:00:00+00:00;70.0;15.308;9433;0;21683;13;0.0
2020-10-11 05:00:00+00:00;68.0;16.664;9435;0;21636;14;0.0
2020-10-11 06:00:00+00:00;58.0;17.458;9436;0;21586;15;0.0
2020-10-11 07:00:00+00:00;58.0;17.13;9441;0;21536;15;0.0
2020-10-11 08:00:00+00:00;63.0;16.098;9448;0;21487;14;0.0
2020-10-11 09:00:00+00:00;70.0;15.902;9455;0;21441;14;0.0
2020-10-11 10:00:00+00:00;64.0;16.78;9468;0;21394;14;0.0
2020-10-11 11:00:00+00:00;57.0;20.358;9473;0;21339;17;0.0
2020-10-11 12:00:00+00:00;48.0;22.754;9476;0;21270;22;0.0
2020-10-11 13:00:00+00:00;42.0;25.26;9473;0;21184;27;0.0
2020-10-11 14:00:00+00:00;36.0;26.916;9470;0;21085;31;0.0
2020-10-11 15:00:00+00:00;30.0;29.792;9467;0;20972;35;0.0
2020-10-11 16:00:00+00:00;26.0;33.098;9460;0;20843;39;0.0
2020-10-11 17:00:00+00:00;25.0;33.012;9450;0;20710;39;0.0
2020-10-11 18:00:00+00:00;24.0;33.638;9441;0;20574;40;0.0
2020-10-11 19:00:00+00:00;27.0;32.444;9436;0;20447;38;0.0
2020-10-11 20:00:00+00:00;28.0;30.756;9435;0;20332;35;0.0
2020-10-11 21:00:00+00:00;31.0;28.136;9436;0;20234;30;0.0
2020-10-11 22:00:00+00:00;41.0;23.558;9444;0;20157;25;0.0
2020-10-11 23:00:00+00:00;40.0;24.054;9446;0;20091;21;0.0
2020-10-12 00:00:00+00:00;48.0;22.172;9449;0;20027;20;0.0
2020-10-12 01:00:00+00:00;60.0;19.424;9454;0;19966;19;0.0
2020-10-12 02:00:00+00:00;64.0;19.168;9456;0;19910;17;0.0
2020-10-12 03:00:00+00:00;56.0;20.4;9454;0;19854;17;0.0
2020-10-12 04:00:00+00:00;59.0;19.396;9453;0;19798;18;0.0
2020-10-12 05:00:00+00:00;68.0;17.514;9450;0;19744;17;0.0
2020-10-12 06:00:00+00:00;64.0;18.69;9452;0;19692;16;0.0
2020-10-12 07:00:00+00:00;68.0;18.364;9456;0;19641;16;0.0
2020-10-12 08:00:00+00:00;71.0;17.712;9459;0;19591;15;0.0
2020-10-12 09:00:00+00:00;72.0;17.386;9465;0;19541;15;0.0
2020-10-12 10:00:00+00:00;63.0;20.16;9475;0;19489;16;0.0
2020-10-12 11:00:00+00:00;55.0;23.178;9477;0;19426;20;0.0
2020-10-12 12:00:00+00:00;50.0;24.61;9477;0;19348;25;0.0
2020-10-12 13:00:00+00:00;43.0;27.64;9476;0;19254;30;0.0
2020-10-12 14:00:00+00:00;35.0;31.934;9473;0;19139;35;0.0
2020-10-12 15:00:00+00:00;26.0;34.546;9469;0;19006;40;0.0
2020-10-12 16:00:00+00:00;23.0;35.864;9458;0;18873;40;0.0
2020-10-12 17:00:00+00:00;22.0;36.322;9445;0;18732;41;0.0
2020-10-12 18:00:00+00:00;22.0;36.234;9433;0;18590;41;0.0
2020-10-12 19:00:00+00:00;24.0;35.328;9426;0;18460;39;0.0
2020-10-12 20:00:00+00:00;27.0;33.51;9425;0;18339;36;0.0
2020-10-12 21:00:00+00:00;32.0;30.714;9429;0;18233;33;0.0
2020-10-12 22:00:00+00:00;42.0;26.264;9429;0;18147;27;0.0
2020-10-12 23:00:00+00:00;50.0;23.688;9437;0;18075;23;0.0
2020-10-13 00:00:00+00:00;56.0;22.612;9441;0;18009;21;0.0
2020-10-13 01:00:00+00:00;63.0;21.022;9443;0;17945;20;0.0
2020-10-13 02:00:00+00:00;62.0;21.25;9440;0;17885;19;0.0
2020-10-13 03:00:00+00:00;69.0;19.154;9440;0;17826;18;0.0
2020-10-13 04:00:00+00:00;67.0;19.734;9436;0;17769;18;0.0
2020-10-13 05:00:00+00:00;73.0;18.39;9433;0;17714;17;0.0
2020-10-13 06:00:00+00:00;68.0;19.098;9428;0;17660;17;0.0
2020-10-13 07:00:00+00:00;69.0;18.718;9429;0;17605;17;0.0
2020-10-13 08:00:00+00:00;74.0;17.372;9432;0;17552;17;0.0
2020-10-13 09:00:00+00:00;71.0;18.15;9436;0;17501;15;0.0
2020-10-13 10:00:00+00:00;67.0;21.094;9442;0;17448;16;0.0
2020-10-13 11:00:00+00:00;45.0;26.93;9448;0;17381;21;0.0
2020-10-13 12:00:00+00:00;36.0;29.694;9452;0;17291;28;0.0
2020-10-13 13:00:00+00:00;32.0;30.332;9453;0;17186;32;0.0
2020-10-13 14:00:00+00:00;30.0;33.21;9449;0;17078;33;0.0
2020-10-13 15:00:00+00:00;28.0;34.818;9441;0;16950;39;0.0
2020-10-13 16:00:00+00:00;33.0;32.4;9433;1;65531;35;0.0
2020-10-13 17:00:00+00:00;30.0;34.5;9426;1;65431;33;0.0
2020-10-13 18:00:00+00:00;33.0;32.62;9419;1;65322;34;0.0
2020-10-13 19:00:00+00:00;34.0;32.46;9416;1;65214;33;0.0
2020-10-13 20:00:00+00:00;38.0;30.6;9416;1;65112;32;0.0
2020-10-13 21:00:00+00:00;46.0;27.58;9416;1;65021;29;0.0
2020-10-13 22:00:00+00:00;53.0;25.58;9420;1;64941;25;0.0
2020-10-13 23:00:00+00:00;53.0;25.28;9425;1;64867;24;0.0
2020-10-14 00:00:00+00:00;57.0;24.4;9429;1;64796;23;0.0
2020-10-14 01:00:00+00:00;61.0;23.42;9431;1;64726;22;0.0
2020-10-14 02:00:00+00:00;68.0;21.78;9428;1;64661;21;0.0
2020-10-14 03:00:00+00:00;73.0;20.56;9424;1;64599;20;0.0
2020-10-14 04:00:00+00:00;81.0;18.54;9422;1;64541;18;0.0
2020-10-14 05:00:00+00:00;85.0;18.62;9418;1;64486;17;0.0
2020-10-14 06:00:00+00:00;86.0;18.68;9410;1;64432;17;0.0
2020-10-14 07:00:00+00:00;87.0;18.02;9409;1;64380;16;0.0
2020-10-14 08:00:00+00:00;87.0;17.86;9414;1;64328;16;0.0
2020-10-14 09:00:00+00:00;84.0;18.16;9418;1;64276;16;0.0
2020-10-14 10:00:00+00:00;74.0;21.92;9429;1;64224;16;0.0
2020-10-14 11:00:00+00:00;58.0;26.84;9439;1;64154;22;0.0
2020-10-14 12:00:00+00:00;32.0;33.58;9440;1;64060;30;0.0
2020-10-14 13:00:00+00:00;30.0;34.76;9441;1;63940;36;0.0
2020-10-14 14:00:00+00:00;29.0;36.66;9434;1;63814;38;0.0
2020-10-14 15:00:00+00:00;26.0;37.12;9425;1;63676;41;0.0
2020-10-14 16:00:00+00:00;24.0;38.16;9413;1;63532;42;0.0
2020-10-14 17:00:00+00:00;24.0;39.38;9405;1;63382;43;0.0
2020-10-14 18:00:00+00:00;25.0;38.92;9397;1;63235;43;0.0
2020-10-14 19:00:00+00:00;28.0;36.46;9396;1;63103;39;0.0
2020-10-14 20:00:00+00:00;32.0;34.16;9390;1;62985;36;0.0
2020-10-14 21:00:00+00:00;40.0;31.68;9395;1;62880;33;0.0
2020-10-14 22:00:00+00:00;50.0;27.34;9403;1;62790;28;0.0
2020-10-14 23:00:00+00:00;62.0;24.46;9420;1;62700;25;0.0
2020-10-15 00:00:00+00:00;63.0;23.58;9434;1;62613;23;0.0
2020-10-15 01:00:00+00:00;75.0;21.4;9469;1;62505;21;0.0
2020-10-15 02:00:00+00:00;92.0;18.42;9487;1;61916;18;9.2
2020-10-15 03:00:00+00:00;92.0;18.46;9470;1;61671;17;4.0
2020-10-15 04:00:00+00:00;91.0;18.42;9453;1;61610;17;0.0
2020-10-15 05:00:00+00:00;91.0;18.26;9445;1;61550;17;0.0
2020-10-15 06:00:00+00:00;91.0;18.28;9452;1;61478;17;0.4
2020-10-15 07:00:00+00:00;92.0;18.22;9444;1;61423;17;0.0
2020-10-15 08:00:00+00:00;97.0;17.88;9458;1;61369;17;0.0
2020-10-15 09:00:00+00:00;97.0;17.5;9464;1;61315;17;0.0
2020-10-15 10:00:00+00:00;96.0;18.06;9464;1;61262;17;0.0
2020-10-15 11:00:00+00:00;87.0;19.7;9465;1;61206;18;0.0
2020-10-15 12:00:00+00:00;88.0;19.8;9483;1;61147;19;0.0
2020-10-15 13:00:00+00:00;86.0;20.96;9481;1;61082;20;0.0
2020-10-15 14:00:00+00:00;83.0;21.84;9482;1;61015;21;0.0
2020-10-15 15:00:00+00:00;87.0;20.62;9480;1;60939;21;0.2
2020-10-15 16:00:00+00:00;78.0;22.84;9474;1;60867;23;0.0
2020-10-15 17:00:00+00:00;76.0;23.16;9468;1;60793;23;0.0
2020-10-15 18:00:00+00:00;79.0;21.66;9471;1;60721;23;0.0
2020-10-15 19:00:00+00:00;82.0;21.28;9468;1;60654;21;0.0
2020-10-15 20:00:00+00:00;82.0;21.22;9465;1;60589;21;0.0
2020-10-15 21:00:00+00:00;84.0;20.92;9467;1;60525;20;0.0
2020-10-15 22:00:00+00:00;86.0;20.32;9468;1;60464;19;0.0
2020-10-15 23:00:00+00:00;92.0;19.44;9472;1;60406;18;0.0
2020-10-16 00:00:00+00:00;93.0;19.44;9477;1;60349;18;0.0
2020-10-16 01:00:00+00:00;93.0;19.02;9483;1;60293;18;0.0
2020-10-16 02:00:00+00:00;93.0;19.2;9485;1;60238;17;0.0
2020-10-16 03:00:00+00:00;95.0;18.42;9484;1;60182;17;0.0
2020-10-16 04:00:00+00:00;96.0;18.12;9480;1;60128;17;0.0
2020-10-16 05:00:00+00:00;96.0;17.54;9477;1;60075;17;0.0
2020-10-16 06:00:00+00:00;94.0;18.26;9473;1;60022;17;0.0
2020-10-16 07:00:00+00:00;92.0;18.72;9476;1;59968;17;0.0
2020-10-16 08:00:00+00:00;90.0;18.98;9481;1;59913;18;0.0
2020-10-16 09:00:00+00:00;90.0;18.72;9487;1;59857;18;0.0
2020-10-16 10:00:00+00:00;86.0;19.42;9492;1;59802;17;0.0
2020-10-16 11:00:00+00:00;79.0;20.32;9499;1;59740;19;0.0
2020-10-16 12:00:00+00:00;71.0;21.8;9501;1;59672;22;0.0
2020-10-16 13:00:00+00:00;73.0;21.06;9506;1;59601;22;0.0
2020-10-16 14:00:00+00:00;66.0;22.66;9507;1;59528;23;0.0
2020-10-16 15:00:00+00:00;57.0;25.34;9501;1;59442;27;0.0
2020-10-16 16:00:00+00:00;52.0;27.22;9492;1;59338;32;0.0
2020-10-16 17:00:00+00:00;46.0;29.24;9483;1;59221;36;0.0
2020-10-16 18:00:00+00:00;47.0;29.08;9475;1;59106;35;0.0
2020-10-16 19:00:00+00:00;51.0;26.76;9471;1;59003;32;0.0
2020-10-16 20:00:00+00:00;56.0;25.1;9471;1;58917;27;0.0
2020-10-16 21:00:00+00:00;58.0;24.34;9473;1;58841;24;0.0
2020-10-16 22:00:00+00:00;63.0;22.66;9474;1;58770;23;0.0
2020-10-16 23:00:00+00:00;64.0;21.86;9478;1;58706;20;0.0
2020-10-17 00:00:00+00:00;66.0;21.06;9479;1;58641;20;0.0
2020-10-17 01:00:00+00:00;65.0;20.8;9482;1;58582;19;0.0
2020-10-17 02:00:00+00:00;67.0;20.34;9485;1;58523;19;0.0
2020-10-17 03:00:00+00:00;69.0;19.6;9484;1;58465;18;0.0
2020-10-17 04:00:00+00:00;72.0;18.38;9480;1;58410;17;0.0
2020-10-17 05:00:00+00:00;76.0;17.42;9477;1;58357;16;0.0
2020-10-17 06:00:00+00:00;77.0;16.12;9472;1;58308;15;0.0
2020-10-17 07:00:00+00:00;77.0;15.36;9470;1;58261;14;0.0
2020-10-17 08:00:00+00:00;79.0;14.64;9476;1;58216;13;0.0
2020-10-17 09:00:00+00:00;81.0;14.06;9480;1;58173;12;0.0
2020-10-17 10:00:00+00:00;69.0;16.88;9488;1;58129;12;0.0
2020-10-17 11:00:00+00:00;58.0;18.68;9492;1;58074;17;0.0
2020-10-17 12:00:00+00:00;53.0;20.92;9495;1;58006;21;0.0
2020-10-17 13:00:00+00:00;46.0;23.46;9492;1;57925;26;0.0
2020-10-17 14:00:00+00:00;40.0;26.1;9488;1;57828;30;0.0
2020-10-17 15:00:00+00:00;38.0;27.88;9480;1;57718;34;0.0
2020-10-17 16:00:00+00:00;38.0;27.86;9471;1;57601;36;0.0
2020-10-17 17:00:00+00:00;35.0;29.48;9461;1;57496;32;0.0
2020-10-17 18:00:00+00:00;37.0;28.84;9451;1;57377;36;0.0
2020-10-17 19:00:00+00:00;36.0;29.42;9441;1;57270;33;0.0
2020-10-17 20:00:00+00:00;39.0;28.08;9441;1;57167;32;0.0
2020-10-17 21:00:00+00:00;45.0;25.18;9442;1;57077;29;0.0
2020-10-17 22:00:00+00:00;52.0;23.06;9445;1;57005;22;0.0
2020-10-17 23:00:00+00:00;57.0;21.56;9446;1;56942;20;0.0
2020-10-18 00:00:00+00:00;61.0;20.1;9448;1;56882;19;0.0
2020-10-18 01:00:00+00:00;53.0;21.08;9450;1;56824;18;0.0
2020-10-18 02:00:00+00:00;51.0;21.34;9453;1;56765;19;0.0
2020-10-18 03:00:00+00:00;58.0;20.34;9453;1;56704;19;0.0
2020-10-18 04:00:00+00:00;62.0;19.46;9450;1;56646;18;0.0
2020-10-18 05:00:00+00:00;65.0;18.32;9447;1;56591;17;0.0
2020-10-18 06:00:00+00:00;70.0;17.14;9442;1;56539;16;0.0
2020-10-18 07:00:00+00:00;72.0;16.5;9441;1;56488;15;0.0
2020-10-18 08:00:00+00:00;72.0;15.84;9444;1;56439;15;0.0
2020-10-18 09:00:00+00:00;73.0;15.46;9448;1;56392;14;0.0
2020-10-18 10:00:00+00:00;70.0;16.14;9448;1;56344;14;0.0
2020-10-18 11:00:00+00:00;58.0;19.62;9452;1;56291;16;0.0
2020-10-18 12:00:00+00:00;49.0;22.9;9455;1;56220;22;0.0
2020-10-18 13:00:00+00:00;42.0;25.08;9451;1;56135;27;0.0
2020-10-18 14:00:00+00:00;36.0;28.22;9447;1;56034;32;0.0
2020-10-18 15:00:00+00:00;30.0;30.04;9442;1;55919;35;0.0
2020-10-18 16:00:00+00:00;29.0;32.18;9435;1;55800;36;0.0
2020-10-18 17:00:00+00:00;33.0;30.52;9426;1;55678;37;0.0
2020-10-18 18:00:00+00:00;35.0;30.16;9420;1;55561;35;0.0
2020-10-18 19:00:00+00:00;35.0;30.4;9413;1;55457;32;0.0
2020-10-18 20:00:00+00:00;34.0;29.98;9410;1;55352;32;0.0
2020-10-18 21:00:00+00:00;41.0;27.44;9411;1;55256;30;0.0
2020-10-18 22:00:00+00:00;57.0;23.14;9416;1;55181;24;0.0
2020-10-18 23:00:00+00:00;61.0;21.82;9420;1;55116;21;0.0
2020-10-19 00:00:00+00:00;62.0;21.46;9425;1;55054;20;0.0
2020-10-19 01:00:00+00:00;66.0;20.58;9427;1;54993;19;0.0
2020-10-19 02:00:00+00:00;64.0;21.18;9429;1;54934;19;0.0
2020-10-19 03:00:00+00:00;67.0;20.82;9426;1;54875;19;0.0
2020-10-19 04:00:00+00:00;71.0;20.56;9420;1;54816;19;0.0
2020-10-19 05:00:00+00:00;74.0;19.76;9416;1;54758;18;0.0
2020-10-19 06:00:00+00:00;77.0;19.14;9416;1;54703;17;0.0
2020-10-19 07:00:00+00:00;79.0;18.6;9419;1;54648;17;0.0
2020-10-19 08:00:00+00:00;82.0;17.96;9425;1;54595;17;0.0
2020-10-19 09:00:00+00:00;85.0;17.38;9431;1;54543;16;0.0
2020-10-19 10:00:00+00:00;75.0;19.98;9435;1;54490;16;0.0
2020-10-19 11:00:00+00:00;62.0;23.12;9439;1;54425;21;0.0
2020-10-19 12:00:00+00:00;54.0;25.54;9442;1;54343;26;0.0
2020-10-19 13:00:00+00:00;45.0;29.16;9438;1;54245;31;0.0
2020-10-19 14:00:00+00:00;44.0;29.86;9439;1;54131;35;0.0
2020-10-19 15:00:00+00:00;41.0;31.84;9434;1;54008;37;0.0
2020-10-19 16:00:00+00:00;38.0;33.48;9427;1;53877;39;0.0
2020-10-19 17:00:00+00:00;34.0;35.24;9416;1;53738;41;0.0
2020-10-19 18:00:00+00:00;32.0;35.24;9409;1;53604;40;0.0
2020-10-19 19:00:00+00:00;29.0;34.2;9400;1;53472;39;0.0
2020-10-19 20:00:00+00:00;30.0;34.12;9397;1;53353;36;0.0
2020-10-19 21:00:00+00:00;38.0;29.66;9401;1;53246;33;0.0
2020-10-19 22:00:00+00:00;38.0;27.24;9409;1;53161;27;0.0
2020-10-19 23:00:00+00:00;55.0;24.96;9417;1;53085;25;0.0
2020-10-20 00:00:00+00:00;65.0;23.62;9429;1;53014;23;0.0
2020-10-20 01:00:00+00:00;71.0;22.76;9438;1;52946;22;0.0
2020-10-20 02:00:00+00:00;78.0;21.1;9444;1;52882;20;0.0
2020-10-20 03:00:00+00:00;80.0;21.16;9441;1;52822;19;0.0
2020-10-20 04:00:00+00:00;81.0;20.88;9440;1;52763;19;0.0
2020-10-20 05:00:00+00:00;78.0;21.0;9437;1;52704;19;0.0
2020-10-20 06:00:00+00:00;78.0;20.66;9434;1;52644;19;0.0
2020-10-20 07:00:00+00:00;81.0;20.04;9437;1;52586;18;0.0
2020-10-20 08:00:00+00:00;83.0;19.96;9442;1;52528;18;0.0
2020-10-20 09:00:00+00:00;81.0;20.34;9448;1;52471;18;0.0
2020-10-20 10:00:00+00:00;75.0;22.78;9456;1;52412;19;0.0
2020-10-20 11:00:00+00:00;66.0;25.14;9463;1;52340;23;0.0
2020-10-20 12:00:00+00:00;62.0;26.48;9467;1;52254;27;0.0
2020-10-20 13:00:00+00:00;54.0;28.7;9466;1;52154;32;0.0
2020-10-20 14:00:00+00:00;47.0;30.54;9463;1;52042;34;0.0
2020-10-20 15:00:00+00:00;38.0;33.32;9457;1;51914;38;0.0
2020-10-20 16:00:00+00:00;35.0;34.32;9449;1;51776;41;0.0
2020-10-20 17:00:00+00:00;33.0;34.6;9438;1;51640;40;0.0
2020-10-20 18:00:00+00:00;31.0;35.44;9427;1;51493;43;0.0
2020-10-20 19:00:00+00:00;33.0;34.12;9419;1;51351;41;0.0
2020-10-20 20:00:00+00:00;33.0;33.32;9418;1;51227;37;0.0
2020-10-20 21:00:00+00:00;38.0;30.5;9420;1;51118;33;0.0
2020-10-20 22:00:00+00:00;53.0;26.42;9432;1;51031;28;0.0
2020-10-20 23:00:00+00:00;62.0;24.66;9439;1;50955;24;0.0
2020-10-21 00:00:00+00:00;65.0;24.1;9448;1;50884;23;0.0
2020-10-21 01:00:00+00:00;63.0;24.1;9460;1;50815;22;0.0
2020-10-21 02:00:00+00:00;68.0;22.82;9454;1;50748;22;0.0
2020-10-21 03:00:00+00:00;71.0;22.14;9458;1;50684;20;0.0
2020-10-21 04:00:00+00:00;82.0;20.26;9456;1;50623;20;0.0
2020-10-21 05:00:00+00:00;72.0;22.34;9454;1;50562;19;0.0
2020-10-21 06:00:00+00:00;79.0;21.34;9453;1;50500;20;0.0
2020-10-21 07:00:00+00:00;80.0;21.12;9458;1;50439;19;0.0
2020-10-21 08:00:00+00:00;86.0;20.44;9462;1;50379;19;0.0
2020-10-21 09:00:00+00:00;88.0;20.08;9468;1;50320;18;0.0
2020-10-21 10:00:00+00:00;74.0;23.36;9476;1;50262;18;0.0
2020-10-21 11:00:00+00:00;64.0;25.82;9477;1;50190;23;0.0
2020-10-21 12:00:00+00:00;52.0;28.86;9480;1;50097;29;0.0
2020-10-21 13:00:00+00:00;49.0;30.06;9479;1;49990;33;0.0
2020-10-21 14:00:00+00:00;40.0;32.62;9475;1;49869;37;0.0
2020-10-21 15:00:00+00:00;35.0;33.86;9471;1;49731;41;0.0
2020-10-21 16:00:00+00:00;36.0;33.22;9466;1;49584;43;0.0
2020-10-21 17:00:00+00:00;35.0;34.22;9457;1;49451;39;0.0
2020-10-21 18:00:00+00:00;30.0;35.28;9447;1;49310;41;0.0
2020-10-21 19:00:00+00:00;31.0;34.72;9437;1;49168;41;0.0
2020-10-21 20:00:00+00:00;35.0;33.66;9433;1;49041;38;0.0
2020-10-21 21:00:00+00:00;38.0;31.96;9435;1;48929;34;0.0
2020-10-21 22:00:00+00:00;49.0;26.66;9447;1;48835;29;0.0
2020-10-21 23:00:00+00:00;51.0;25.34;9454;1;48759;24;0.0
2020-10-22 00:00:00+00:00;52.0;24.96;9459;1;48688;23;0.0
2020-10-22 01:00:00+00:00;57.0;24.42;9466;1;48617;23;0.0
2020-10-22 02:00:00+00:00;66.0;23.5;9473;1;48549;22;0.0
2020-10-22 03:00:00+00:00;68.0;22.7;9470;1;48482;21;0.0
2020-10-22 04:00:00+00:00;72.0;21.72;9466;1;48418;20;0.0
2020-10-22 05:00:00+00:00;74.0;20.8;9467;1;48356;20;0.0
2020-10-22 06:00:00+00:00;73.0;19.9;9464;1;48297;19;0.0
2020-10-22 07:00:00+00:00;73.0;18.8;9465;1;48241;18;0.0
2020-10-22 08:00:00+00:00;74.0;18.22;9471;1;48188;17;0.0
2020-10-22 09:00:00+00:00;75.0;17.7;9478;1;48136;16;0.0
2020-10-22 10:00:00+00:00;66.0;20.2;9482;1;48082;17;0.0
2020-10-22 11:00:00+00:00;60.0;22.3;9486;1;48017;21;0.0
2020-10-22 12:00:00+00:00;52.0;25.14;9485;1;47938;25;0.0
2020-10-22 13:00:00+00:00;44.0;27.96;9483;1;47844;29;0.0
2020-10-22 14:00:00+00:00;41.0;29.12;9478;1;47737;33;0.0
2020-10-22 15:00:00+00:00;34.0;32.22;9471;1;47617;37;0.0
2020-10-22 16:00:00+00:00;33.0;32.54;9466;1;47482;40;0.0
2020-10-22 17:00:00+00:00;27.0;33.54;9456;1;47344;41;0.0
2020-10-22 18:00:00+00:00;26.0;34.4;9446;1;47205;41;0.0
2020-10-22 19:00:00+00:00;29.0;32.98;9437;1;47072;39;0.0
2020-10-22 20:00:00+00:00;31.0;32.6;9434;1;46950;37;0.0
2020-10-22 21:00:00+00:00;32.0;30.98;9433;1;46842;33;0.0
2020-10-22 22:00:00+00:00;40.0;26.94;9436;1;46753;28;0.0
2020-10-22 23:00:00+00:00;47.0;25.3;9443;1;46678;24;0.0
2020-10-23 00:00:00+00:00;48.0;25.06;9451;1;46608;22;0.0
2020-10-23 01:00:00+00:00;51.0;23.9;9457;1;46537;22;0.0
2020-10-23 02:00:00+00:00;54.0;23.56;9465;1;46470;22;0.0
2020-10-23 03:00:00+00:00;58.0;22.62;9466;1;46403;21;0.0
2020-10-23 04:00:00+00:00;63.0;21.88;9465;1;46340;20;0.0
2020-10-23 05:00:00+00:00;69.0;20.72;9459;1;46278;19;0.0
2020-10-23 06:00:00+00:00;73.0;19.9;9456;1;46220;18;0.0
2020-10-23 07:00:00+00:00;75.0;19.08;9455;1;46164;18;0.0
2020-10-23 08:00:00+00:00;79.0;17.9;9462;1;46111;16;0.0
2020-10-23 09:00:00+00:00;79.0;17.66;9461;1;46060;16;0.0
2020-10-23 10:00:00+00:00;67.0;20.68;9464;1;46006;17;0.0
2020-10-23 11:00:00+00:00;56.0;23.8;9464;1;45940;22;0.0
2020-10-23 12:00:00+00:00;49.0;25.88;9465;1;45857;26;0.0
2020-10-23 13:00:00+00:00;45.0;27.88;9459;1;45760;31;0.0
2020-10-23 14:00:00+00:00;44.0;29.26;9452;1;45651;34;0.0
2020-10-23 15:00:00+00:00;39.0;31.72;9450;1;45533;36;0.0
2020-10-23 16:00:00+00:00;35.0;33.92;9441;1;45402;39;0.0
2020-10-23 17:00:00+00:00;33.0;35.2;9427;1;45265;40;0.0
2020-10-23 18:00:00+00:00;33.0;34.62;9412;1;45125;41;0.0
2020-10-23 19:00:00+00:00;64.0;25.92;9408;1;45000;33;0.0
2020-10-23 20:00:00+00:00;79.0;22.96;9420;1;44912;23;0.2
2020-10-23 21:00:00+00:00;82.0;22.62;9418;1;44785;21;1.2
2020-10-23 22:00:00+00:00;75.0;22.64;9419;1;44719;21;0.0
2020-10-23 23:00:00+00:00;78.0;22.12;9420;1;44655;21;0.0
2020-10-24 00:00:00+00:00;82.0;20.96;9426;1;44593;19;0.0
2020-10-24 01:00:00+00:00;83.0;21.32;9430;1;44532;19;0.0
2020-10-24 02:00:00+00:00;85.0;20.54;9427;1;44472;19;0.0
2020-10-24 03:00:00+00:00;86.0;20.44;9425;1;44413;19;0.0
2020-10-24 04:00:00+00:00;85.0;20.52;9423;1;44354;19;0.0
2020-10-24 05:00:00+00:00;82.0;20.72;9426;1;44295;19;0.0
2020-10-24 06:00:00+00:00;84.0;20.34;9422;1;44235;19;0.0
2020-10-24 07:00:00+00:00;85.0;20.3;9425;1;44175;19;0.0
2020-10-24 08:00:00+00:00;86.0;19.9;9427;1;44117;18;0.0
2020-10-24 09:00:00+00:00;89.0;19.46;9430;1;44060;18;0.0
2020-10-24 10:00:00+00:00;76.0;22.62;9436;1;44001;19;0.0
2020-10-24 11:00:00+00:00;66.0;25.56;9439;1;43929;23;0.0
2020-10-24 12:00:00+00:00;61.0;26.54;9441;1;43842;27;0.0
2020-10-24 13:00:00+00:00;57.0;27.46;9438;1;43746;30;0.0
2020-10-24 14:00:00+00:00;55.0;27.82;9433;1;43647;31;0.0
2020-10-24 15:00:00+00:00;48.0;30.6;9428;1;43543;32;0.0
2020-10-24 16:00:00+00:00;41.0;33.24;9423;1;43432;34;0.0
2020-10-24 17:00:00+00:00;32.0;36.62;9407;1;43296;41;0.0
2020-10-24 18:00:00+00:00;33.0;34.78;9389;1;43155;41;0.0
2020-10-24 19:00:00+00:00;38.0;32.86;9386;1;43030;37;0.0
2020-10-24 20:00:00+00:00;34.0;33.12;9386;1;42916;35;0.0
2020-10-24 21:00:00+00:00;65.0;26.08;9392;1;42822;29;0.0
2020-10-24 22:00:00+00:00;73.0;23.74;9397;1;42746;24;0.0
2020-10-24 23:00:00+00:00;75.0;22.94;9405;1;42678;22;0.0
2020-10-25 00:00:00+00:00;77.0;22.8;9410;1;42611;21;0.0
2020-10-25 01:00:00+00:00;78.0;22.5;9412;1;42546;21;0.0
2020-10-25 02:00:00+00:00;79.0;22.42;9413;1;42479;21;0.0
2020-10-25 03:00:00+00:00;80.0;20.88;9411;1;42416;20;0.0
2020-10-25 04:00:00+00:00;77.0;21.36;9404;1;42356;19;0.0
2020-10-25 05:00:00+00:00;79.0;20.84;9401;1;42296;19;0.0
2020-10-25 06:00:00+00:00;79.0;20.68;9398;1;42237;19;0.0
2020-10-25 07:00:00+00:00;81.0;20.16;9401;1;42179;18;0.0
2020-10-25 08:00:00+00:00;85.0;19.44;9407;1;42123;17;0.0
2020-10-25 09:00:00+00:00;89.0;18.92;9410;1;42070;17;0.0
2020-10-25 10:00:00+00:00;82.0;21.04;9420;1;42013;18;0.0
2020-10-25 11:00:00+00:00;75.0;23.78;9422;1;41945;22;0.0
2020-10-25 12:00:00+00:00;65.0;26.46;9422;1;41860;27;0.0
2020-10-25 13:00:00+00:00;57.0;28.86;9421;1;41766;30;0.0
2020-10-25 14:00:00+00:00;48.0;31.58;9421;1;41665;32;0.0
2020-10-25 15:00:00+00:00;46.0;32.56;9413;1;41550;35;0.0
2020-10-25 16:00:00+00:00;43.0;32.68;9403;1;41424;38;0.0
2020-10-25 17:00:00+00:00;33.0;36.64;9389;1;41289;40;0.0
2020-10-25 18:00:00+00:00;29.0;36.26;9375;1;41158;39;0.0
2020-10-25 19:00:00+00:00;56.0;26.86;9378;1;41046;34;0.0
2020-10-25 20:00:00+00:00;45.0;29.72;9375;1;40950;30;0.0
2020-10-25 21:00:00+00:00;46.0;29.72;9375;1;40852;31;0.0
2020-10-25 22:00:00+00:00;55.0;25.6;9379;1;40767;27;0.0
2020-10-25 23:00:00+00:00;59.0;24.46;9385;1;40695;23;0.0
2020-10-26 00:00:00+00:00;61.0;24.24;9389;1;40626;22;0.0
2020-10-26 01:00:00+00:00;63.0;24.06;9395;1;40557;22;0.0
2020-10-26 02:00:00+00:00;61.0;24.44;9393;1;40484;23;0.0
2020-10-26 03:00:00+00:00;62.0;24.32;9391;1;40414;23;0.0
2020-10-26 04:00:00+00:00;65.0;23.32;9395;1;40345;22;0.0
2020-10-26 05:00:00+00:00;69.0;22.48;9388;1;40279;21;0.0
2020-10-26 06:00:00+00:00;72.0;21.6;9387;1;40215;20;0.0
2020-10-26 07:00:00+00:00;77.0;20.92;9388;1;40154;20;0.0
2020-10-26 08:00:00+00:00;82.0;20.06;9390;1;40094;19;0.0
2020-10-26 09:00:00+00:00;84.0;19.92;9391;1;40036;19;0.0
2020-10-26 10:00:00+00:00;77.0;21.46;9403;1;39976;19;0.0
2020-10-26 11:00:00+00:00;72.0;22.1;9409;1;39909;21;0.0
2020-10-26 12:00:00+00:00;67.0;22.34;9412;1;39839;22;0.0
2020-10-26 13:00:00+00:00;69.0;22.08;9417;1;39770;22;0.0
2020-10-26 14:00:00+00:00;70.0;22.3;9430;1;39698;21;0.0
2020-10-26 15:00:00+00:00;92.0;18.36;9443;1;39578;19;1.6
2020-10-26 16:00:00+00:00;90.0;19.2;9405;1;39478;18;0.8
2020-10-26 17:00:00+00:00;87.0;20.3;9393;1;39416;20;0.0
2020-10-26 18:00:00+00:00;77.0;22.56;9387;1;39348;22;0.0
2020-10-26 19:00:00+00:00;72.0;23.56;9382;1;39273;24;0.0
2020-10-26 20:00:00+00:00;66.0;24.84;9379;1;39195;25;0.0
2020-10-26 21:00:00+00:00;76.0;22.52;9384;1;39117;25;0.0
2020-10-26 22:00:00+00:00;79.0;21.54;9392;1;39050;21;0.0
2020-10-26 23:00:00+00:00;87.0;19.54;9398;1;38988;19;0.0
2020-10-27 00:00:00+00:00;92.0;18.62;9400;1;38933;17;0.0
2020-10-27 01:00:00+00:00;94.0;17.86;9403;1;38880;17;0.0
2020-10-27 02:00:00+00:00;95.0;17.84;9404;1;38827;16;0.0
2020-10-27 03:00:00+00:00;96.0;18.2;9398;1;38774;17;0.0
2020-10-27 04:00:00+00:00;96.0;18.36;9391;1;38720;17;0.0
2020-10-27 05:00:00+00:00;97.0;17.82;9384;1;38666;17;0.0
2020-10-27 06:00:00+00:00;98.0;17.26;9383;1;38614;16;0.0
2020-10-27 07:00:00+00:00;99.0;16.9;9381;1;38563;16;0.0
2020-10-27 08:00:00+00:00;97.0;17.16;9386;1;38511;16;0.0
2020-10-27 09:00:00+00:00;96.0;16.9;9390;1;38460;16;0.0
2020-10-27 10:00:00+00:00;86.0;19.58;9396;1;38408;16;0.0
2020-10-27 11:00:00+00:00;76.0;22.2;9399;1;38347;20;0.0
2020-10-27 12:00:00+00:00;59.0;24.16;9400;1;38272;24;0.0
2020-10-27 13:00:00+00:00;44.0;26.4;9401;1;38182;29;0.0
2020-10-27 14:00:00+00:00;37.0;27.92;9395;1;38078;32;0.0
2020-10-27 15:00:00+00:00;32.0;30.46;9387;1;37966;35;0.0
2020-10-27 16:00:00+00:00;29.0;30.84;9380;1;37845;37;0.0
2020-10-27 17:00:00+00:00;29.0;31.46;9369;1;37722;37;0.0
2020-10-27 18:00:00+00:00;27.0;32.64;9358;1;37600;37;0.0
2020-10-27 19:00:00+00:00;26.0;31.18;9354;1;37484;35;0.0
2020-10-27 20:00:00+00:00;25.0;30.7;9350;1;37375;34;0.0
2020-10-27 21:00:00+00:00;29.0;29.42;9353;1;37276;31;0.0
2020-10-27 22:00:00+00:00;40.0;23.1;9360;1;37195;26;0.0
2020-10-27 23:00:00+00:00;45.0;21.04;9367;1;37131;20;0.0
2020-10-28 00:00:00+00:00;51.0;19.48;9372;1;37077;17;0.0
2020-10-28 01:00:00+00:00;61.0;17.96;9376;1;37025;16;0.0
2020-10-28 02:00:00+00:00;66.0;17.18;9379;1;36975;15;0.0
2020-10-28 03:00:00+00:00;69.0;16.62;9378;1;36927;15;0.0
2020-10-28 04:00:00+00:00;69.0;15.68;9374;1;36880;14;0.0
2020-10-28 05:00:00+00:00;71.0;15.18;9372;1;36836;13;0.0
2020-10-28 06:00:00+00:00;73.0;14.72;9369;1;36793;12;0.0
2020-10-28 07:00:00+00:00;72.0;15.12;9368;1;36750;12;0.0
2020-10-28 08:00:00+00:00;86.0;12.36;9372;1;36707;12;0.0
2020-10-28 09:00:00+00:00;85.0;12.42;9378;1;36667;11;0.0
2020-10-28 10:00:00+00:00;62.0;18.98;9384;1;36625;12;0.0
2020-10-28 11:00:00+00:00;43.0;26.4;9394;1;36561;21;0.0
2020-10-28 12:00:00+00:00;32.0;28.78;9401;1;36471;29;0.0
2020-10-28 13:00:00+00:00;29.0;30.88;9401;1;36367;33;0.0
2020-10-28 14:00:00+00:00;27.0;32.22;9397;1;36250;36;0.0
2020-10-28 15:00:00+00:00;24.0;33.96;9390;1;36118;39;0.0
2020-10-28 16:00:00+00:00;21.0;35.16;9383;1;35976;42;0.0
2020-10-28 17:00:00+00:00;19.0;36.54;9377;1;35833;42;0.0
2020-10-28 18:00:00+00:00;19.0;36.6;9366;1;35690;42;0.0
2020-10-28 19:00:00+00:00;18.0;35.66;9356;1;35555;40;0.0
2020-10-28 20:00:00+00:00;17.0;35.2;9356;1;35425;39;0.0
2020-10-28 21:00:00+00:00;22.0;33.04;9360;1;35309;35;0.0
2020-10-28 22:00:00+00:00;34.0;25.84;9363;1;35217;29;0.0
2020-10-28 23:00:00+00:00;44.0;22.84;9368;1;35147;22;0.0
2020-10-29 00:00:00+00:00;43.0;22.78;9377;1;35084;20;0.0
2020-10-29 01:00:00+00:00;47.0;20.98;9384;1;35025;19;0.0
2020-10-29 02:00:00+00:00;45.0;21.5;9388;1;34969;17;0.0
2020-10-29 03:00:00+00:00;56.0;19.44;9389;1;34913;18;0.0
2020-10-29 08:00:00+00:00;54.0;19.72;9387;1;34651;18;0.0
2020-10-29 09:00:00+00:00;65.0;17.2;9394;1;34596;17;0.0
2020-10-29 10:00:00+00:00;57.0;20.14;9409;1;34543;16;0.0
2020-10-29 11:00:00+00:00;71.0;20.54;9432;1;34483;19;0.0
2020-10-29 12:00:00+00:00;87.0;18.66;9444;1;34406;18;0.6
2020-10-29 13:00:00+00:00;91.0;19.02;9440;1;34296;18;0.8
2020-10-29 14:00:00+00:00;86.0;19.34;9445;1;34210;18;0.4
2020-10-29 15:00:00+00:00;93.0;18.7;9441;1;34020;18;3.0
2020-10-29 16:00:00+00:00;92.0;18.68;9419;1;33872;18;1.8
2020-10-29 17:00:00+00:00;88.0;20.04;9416;1;33805;19;0.2
2020-10-29 18:00:00+00:00;82.0;20.56;9411;1;33743;20;0.0
2020-10-29 19:00:00+00:00;79.0;20.84;9411;1;33677;21;0.0
2020-10-29 20:00:00+00:00;81.0;20.26;9412;1;33612;21;0.0
2020-10-29 21:00:00+00:00;84.0;19.48;9415;1;33550;20;0.0
2020-10-29 22:00:00+00:00;86.0;18.94;9424;1;33491;18;0.0
2020-10-29 23:00:00+00:00;86.0;18.74;9433;1;33435;18;0.0
2020-10-30 00:00:00+00:00;87.0;18.12;9440;1;33377;17;0.0
2020-10-30 01:00:00+00:00;84.0;17.72;9447;1;33323;17;0.0
2020-10-30 02:00:00+00:00;83.0;17.72;9446;1;33266;16;0.0
2020-10-30 03:00:00+00:00;80.0;17.98;9447;1;33212;17;0.0
2020-10-30 04:00:00+00:00;85.0;17.3;9443;1;33151;16;0.0
2020-10-30 05:00:00+00:00;85.0;17.14;9431;1;33100;15;0.0
2020-10-30 06:00:00+00:00;84.0;17.44;9426;1;33050;16;0.0
2020-10-30 07:00:00+00:00;85.0;17.52;9429;1;32998;16;0.0
2020-10-30 08:00:00+00:00;87.0;17.06;9430;1;32946;16;0.0
2020-10-30 09:00:00+00:00;86.0;17.52;9436;1;32894;16;0.0
2020-10-30 10:00:00+00:00;84.0;18.3;9446;1;32840;17;0.0
2020-10-30 11:00:00+00:00;82.0;19.02;9456;1;32782;18;0.0
2020-10-30 12:00:00+00:00;79.0;20.0;9462;1;32721;19;0.0
2020-10-30 13:00:00+00:00;71.0;21.68;9467;1;32651;22;0.0
2020-10-30 14:00:00+00:00;74.0;20.74;9471;1;32576;24;0.0
2020-10-30 15:00:00+00:00;76.0;20.86;9467;1;32487;23;0.0
2020-10-30 16:00:00+00:00;80.0;19.74;9465;1;32419;21;0.0
2020-10-30 17:00:00+00:00;79.0;19.72;9460;1;32352;21;0.0
2020-10-30 18:00:00+00:00;84.0;18.84;9460;1;32286;20;0.0
2020-10-30 19:00:00+00:00;87.0;17.92;9459;1;32226;18;0.0
2020-10-30 20:00:00+00:00;90.0;17.56;9461;1;32169;17;0.0
2020-10-30 21:00:00+00:00;88.0;17.3;9463;1;32114;17;0.0
2020-10-30 22:00:00+00:00;86.0;16.82;9469;1;32062;16;0.0
2020-10-30 23:00:00+00:00;89.0;15.94;9471;1;32010;15;0.0
2020-10-31 00:00:00+00:00;86.0;15.84;9481;1;31963;14;0.0
2020-10-31 01:00:00+00:00;84.0;16.14;9480;1;31914;14;0.0
2020-10-31 02:00:00+00:00;84.0;15.68;9484;1;31866;14;0.0
2020-10-31 03:00:00+00:00;84.0;15.42;9480;1;31819;14;0.0
2020-10-31 04:00:00+00:00;84.0;15.02;9476;1;31773;13;0.0
2020-10-31 05:00:00+00:00;83.0;14.84;9473;1;31728;13;0.0
2020-10-31 06:00:00+00:00;84.0;14.7;9467;1;31683;13;0.0
2020-10-31 07:00:00+00:00;84.0;14.7;9467;1;31638;13;0.0
2020-10-31 08:00:00+00:00;83.0;14.84;9471;1;31592;14;0.0
2020-10-31 09:00:00+00:00;81.0;15.02;9475;1;31546;14;0.0
2020-10-31 10:00:00+00:00;79.0;15.6;9482;1;31497;14;0.0
2020-10-31 11:00:00+00:00;68.0;18.54;9486;1;31444;16;0.0
2020-10-31 12:00:00+00:00;61.0;20.64;9490;1;31376;22;0.0
2020-10-31 13:00:00+00:00;53.0;23.16;9490;1;31295;25;0.0
2020-10-31 14:00:00+00:00;52.0;23.76;9489;1;31208;27;0.0
2020-10-31 15:00:00+00:00;42.0;27.82;9481;1;31106;32;0.0
2020-10-31 16:00:00+00:00;42.0;27.6;9472;1;30988;36;0.0
2020-10-31 17:00:00+00:00;36.0;30.5;9460;1;30867;37;0.0
2020-10-31 18:00:00+00:00;37.0;30.12;9453;1;30738;38;0.0
2020-10-31 19:00:00+00:00;42.0;27.46;9446;1;30628;34;0.0
2020-10-31 20:00:00+00:00;38.0;29.2;9442;1;30535;29;0.0
2020-10-31 21:00:00+00:00;48.0;24.86;9444;1;30443;29;0.0
2020-10-31 22:00:00+00:00;54.0;22.92;9448;1;30372;22;0.0
2020-10-31 23:00:00+00:00;59.0;21.84;9453;1;30303;21;0.0
2020-11-01 00:00:00+00:00;62.0;21.04;9459;1;30240;20;0.0
2020-11-01 01:00:00+00:00;66.0;19.66;9468;1;30181;19;0.0
2020-11-01 02:00:00+00:00;68.0;18.84;9466;1;30124;17;0.0
2020-11-01 03:00:00+00:00;70.0;18.54;9466;1;30070;17;0.0
2020-11-01 04:00:00+00:00;78.0;17.2;9465;1;29990;17;0.0
2020-11-01 05:00:00+00:00;78.0;16.54;9459;1;29941;15;0.0
2020-11-01 06:00:00+00:00;81.0;15.66;9458;1;29893;14;0.0
2020-11-01 07:00:00+00:00;83.0;15.16;9457;1;29848;13;0.0
2020-11-01 08:00:00+00:00;85.0;14.34;9461;1;29804;13;0.0
2020-11-01 09:00:00+00:00;85.0;14.3;9465;1;29762;13;0.0
2020-11-01 10:00:00+00:00;76.0;17.04;9470;1;29717;13;0.0
2020-11-01 11:00:00+00:00;66.0;19.18;9475;1;29663;16;0.0
2020-11-01 12:00:00+00:00;57.0;21.52;9473;1;29595;22;0.0
2020-11-01 13:00:00+00:00;52.0;24.0;9469;1;29511;27;0.0
2020-11-01 14:00:00+00:00;42.0;26.46;9464;1;29410;31;0.0
2020-11-01 15:00:00+00:00;35.0;28.94;9457;1;29292;36;0.0
2020-11-01 16:00:00+00:00;33.0;30.1;9449;1;29167;37;0.0
2020-11-01 17:00:00+00:00;31.0;29.74;9439;1;29058;33;0.0
2020-11-01 18:00:00+00:00;27.0;31.32;9432;1;28949;34;0.0
2020-11-01 19:00:00+00:00;27.0;30.4;9428;1;28846;32;0.0
2020-11-01 20:00:00+00:00;39.0;25.42;9427;1;28751;30;0.0
2020-11-01 21:00:00+00:00;37.0;26.14;9429;1;28667;27;0.0
2020-11-01 22:00:00+00:00;49.0;21.7;9436;1;28595;23;0.0
2020-11-01 23:00:00+00:00;50.0;20.34;9438;1;28534;19;0.0
2020-11-02 00:00:00+00:00;51.0;19.38;9444;1;28478;17;0.0
2020-11-02 01:00:00+00:00;60.0;17.36;9444;1;28425;16;0.0
2020-11-02 02:00:00+00:00;58.0;17.98;9445;1;28375;16;0.0
2020-11-02 03:00:00+00:00;59.0;17.58;9445;1;28324;15;0.0
2020-11-02 04:00:00+00:00;66.0;16.36;9448;1;28276;15;0.0
2020-11-02 05:00:00+00:00;74.0;14.82;9449;1;28230;13;0.0
2020-11-02 06:00:00+00:00;77.0;14.26;9448;1;28186;13;0.0
2020-11-02 07:00:00+00:00;81.0;13.58;9447;1;28144;12;0.0
2020-11-02 08:00:00+00:00;82.0;13.02;9451;1;28104;11;0.0
2020-11-02 09:00:00+00:00;84.0;12.56;9457;1;28065;11;0.0
2020-11-02 10:00:00+00:00;70.0;15.68;9464;1;28023;12;0.0
2020-11-02 11:00:00+00:00;58.0;18.66;9469;1;27970;17;0.0
2020-11-02 12:00:00+00:00;49.0;20.92;9471;1;27903;21;0.0
2020-11-02 13:00:00+00:00;43.0;23.06;9469;1;27821;26;0.0
2020-11-02 14:00:00+00:00;35.0;25.36;9463;1;27726;30;0.0
2020-11-02 15:00:00+00:00;30.0;27.68;9454;1;27618;34;0.0
2020-11-02 16:00:00+00:00;26.0;30.28;9445;1;27496;37;0.0
2020-11-02 17:00:00+00:00;26.0;30.06;9433;1;27371;37;0.0
2020-11-02 18:00:00+00:00;25.0;29.92;9423;1;27257;35;0.0
2020-11-02 19:00:00+00:00;28.0;27.16;9415;1;27147;34;0.0
2020-11-02 20:00:00+00:00;26.0;28.64;9411;1;27045;31;0.0
2020-11-02 21:00:00+00:00;29.0;27.14;9414;1;26955;28;0.0
2020-11-02 22:00:00+00:00;40.0;21.94;9418;1;26882;23;0.0
2020-11-02 23:00:00+00:00;40.0;21.1;9424;1;26822;19;0.0
2020-11-03 00:00:00+00:00;48.0;19.46;9428;1;26763;19;0.0
2020-11-03 01:00:00+00:00;45.0;20.0;9430;1;26707;18;0.0
2020-11-03 02:00:00+00:00;48.0;19.42;9433;1;26653;17;0.0
2020-11-03 03:00:00+00:00;52.0;17.78;9434;1;26602;15;0.0
2020-11-03 04:00:00+00:00;52.0;17.26;9429;1;26553;15;0.0
2020-11-03 05:00:00+00:00;62.0;14.9;9428;1;26507;14;0.0
2020-11-03 06:00:00+00:00;66.0;15.62;9428;1;26463;13;0.0
2020-11-03 07:00:00+00:00;68.0;15.34;9432;1;26417;14;0.0
2020-11-03 08:00:00+00:00;66.0;15.56;9438;1;26370;14;0.0
2020-11-03 09:00:00+00:00;69.0;15.46;9445;1;26325;13;0.0
2020-11-03 10:00:00+00:00;67.0;16.82;9452;1;26276;15;0.0
2020-11-03 11:00:00+00:00;60.0;18.6;9457;1;26221;17;0.0
2020-11-03 12:00:00+00:00;56.0;19.9;9460;1;26154;21;0.0
2020-11-03 13:00:00+00:00;39.0;25.52;9458;1;26072;26;0.0
2020-11-03 14:00:00+00:00;32.0;28.92;9452;1;25965;33;0.0
2020-11-03 15:00:00+00:00;27.0;29.88;9445;1;25842;37;0.0
2020-11-03 16:00:00+00:00;24.0;32.16;9437;1;25720;37;0.0
2020-11-03 17:00:00+00:00;22.0;32.9;9429;1;25598;37;0.0
2020-11-03 18:00:00+00:00;23.0;31.66;9422;1;25478;36;0.0
2020-11-03 19:00:00+00:00;27.0;29.62;9412;1;25365;35;0.0
2020-11-03 20:00:00+00:00;21.0;32.16;9409;1;25260;32;0.0
2020-11-03 21:00:00+00:00;27.0;27.5;9410;1;25164;30;0.0
2020-11-03 22:00:00+00:00;36.0;22.92;9415;1;25087;25;0.0
2020-11-03 23:00:00+00:00;45.0;20.1;9421;1;25023;20;0.0
2020-11-04 00:00:00+00:00;50.0;19.46;9425;1;24966;18;0.0
2020-11-04 01:00:00+00:00;57.0;17.68;9431;1;24911;17;0.0
2020-11-04 02:00:00+00:00;60.0;16.78;9432;1;24859;16;0.0
2020-11-04 03:00:00+00:00;63.0;16.18;9432;1;24812;14;0.0
2020-11-04 04:00:00+00:00;59.0;18.22;9440;1;24763;15;0.0
2020-11-04 05:00:00+00:00;64.0;16.66;9436;1;24709;15;0.0
2020-11-04 06:00:00+00:00;65.0;16.58;9435;1;24661;14;0.0
2020-11-04 07:00:00+00:00;66.0;16.4;9442;1;24613;15;0.0
2020-11-04 08:00:00+00:00;66.0;15.92;9446;1;24566;14;0.0
2020-11-04 09:00:00+00:00;70.0;15.06;9449;1;24521;13;0.0
2020-11-04 10:00:00+00:00;60.0;18.78;9457;1;24473;14;0.0
2020-11-04 11:00:00+00:00;48.0;22.32;9461;1;24411;20;0.0
2020-11-04 12:00:00+00:00;42.0;24.46;9463;1;24333;25;0.0
2020-11-04 13:00:00+00:00;34.0;27.3;9464;1;24241;29;0.0
2020-11-04 14:00:00+00:00;31.0;28.36;9459;1;24137;33;0.0
2020-11-04 15:00:00+00:00;27.0;31.52;9454;2;65530;39;0.0
2020-11-04 16:00:00+00:00;29.0;29.4;9444;2;65420;35;0.0
2020-11-04 17:00:00+00:00;21.0;34.22;9433;2;65304;36;0.0
2020-11-04 18:00:00+00:00;25.0;29.62;9425;2;65189;35;0.0
2020-11-04 19:00:00+00:00;21.0;32.98;9417;2;65079;33;0.0
2020-11-04 20:00:00+00:00;26.0;28.02;9412;2;64972;33;0.0
2020-11-04 21:00:00+00:00;27.0;29.22;9414;2;64882;29;0.0
2020-11-04 22:00:00+00:00;35.0;23.84;9416;2;64801;26;0.0
2020-11-04 23:00:00+00:00;42.0;22.4;9418;2;64732;22;0.0
2020-11-05 00:00:00+00:00;47.0;22.2;9426;2;64669;20;0.0
2020-11-05 01:00:00+00:00;57.0;20.32;9433;2;64604;20;0.0
2020-11-05 02:00:00+00:00;60.0;18.92;9433;2;64548;17;0.0
2020-11-05 03:00:00+00:00;61.0;17.92;9431;2;64495;16;0.0
2020-11-05 04:00:00+00:00;62.0;17.58;9427;2;64445;15;0.0
2020-11-05 05:00:00+00:00;66.0;17.0;9423;2;64397;14;0.0
2020-11-05 06:00:00+00:00;70.0;16.1;9427;2;64349;14;0.0
2020-11-05 07:00:00+00:00;77.0;15.42;9429;2;64303;14;0.0
2020-11-05 08:00:00+00:00;79.0;14.74;9434;2;64258;13;0.0
2020-11-05 09:00:00+00:00;83.0;14.0;9440;2;64217;12;0.0
2020-11-05 10:00:00+00:00;70.0;16.62;9445;2;64171;13;0.0
2020-11-05 11:00:00+00:00;55.0;20.26;9449;2;64115;18;0.0
2020-11-05 12:00:00+00:00;52.0;21.54;9450;2;64044;23;0.0
2020-11-05 13:00:00+00:00;42.0;24.56;9449;2;63959;27;0.0
2020-11-05 14:00:00+00:00;35.0;27.58;9444;2;63852;32;0.0
2020-11-05 15:00:00+00:00;30.0;30.04;9438;2;63736;36;0.0
2020-11-05 16:00:00+00:00;23.0;32.5;9431;2;63608;39;0.0
2020-11-05 17:00:00+00:00;23.0;33.08;9420;2;63478;39;0.0
2020-11-05 18:00:00+00:00;23.0;31.58;9413;2;63354;38;0.0
2020-11-05 19:00:00+00:00;20.0;32.16;9405;2;63229;36;0.0
2020-11-05 20:00:00+00:00;18.0;32.04;9403;2;63115;35;0.0
2020-11-05 21:00:00+00:00;18.0;31.66;9407;2;63011;33;0.0
2020-11-05 22:00:00+00:00;29.0;23.36;9415;2;62928;27;0.0
2020-11-05 23:00:00+00:00;31.0;22.28;9420;2;62862;20;0.0
2020-11-06 00:00:00+00:00;32.0;21.2;9427;2;62804;19;0.0
2020-11-06 01:00:00+00:00;36.0;19.82;9430;2;62746;17;0.0
2020-11-06 02:00:00+00:00;49.0;16.64;9430;2;62694;16;0.0
2020-11-06 03:00:00+00:00;52.0;16.38;9426;2;62646;15;0.0
2020-11-06 04:00:00+00:00;59.0;15.7;9423;2;62600;13;0.0
2020-11-06 05:00:00+00:00;53.0;17.74;9420;2;62554;13;0.0
2020-11-06 06:00:00+00:00;48.0;17.92;9420;2;62505;15;0.0
2020-11-06 07:00:00+00:00;50.0;17.62;9427;2;62454;16;0.0
2020-11-06 08:00:00+00:00;58.0;16.0;9436;2;62404;15;0.0
2020-11-06 09:00:00+00:00;65.0;15.84;9445;2;62361;13;0.0
2020-11-06 10:00:00+00:00;56.0;19.48;9455;2;62312;15;0.0
2020-11-06 11:00:00+00:00;52.0;21.04;9462;2;62247;20;0.0
2020-11-06 12:00:00+00:00;43.0;24.36;9462;2;62170;25;0.0
2020-11-06 13:00:00+00:00;38.0;26.62;9459;2;62079;29;0.0
2020-11-06 14:00:00+00:00;29.0;30.48;9454;2;61972;33;0.0
2020-11-06 15:00:00+00:00;25.0;31.52;9444;2;61843;38;0.0
2020-11-06 16:00:00+00:00;22.0;32.26;9438;2;61711;40;0.0
2020-11-06 17:00:00+00:00;18.0;33.9;9427;2;61574;41;0.0
2020-11-06 18:00:00+00:00;17.0;34.94;9422;2;61437;41;0.0
2020-11-06 19:00:00+00:00;19.0;32.88;9415;2;61300;39;0.0
2020-11-06 20:00:00+00:00;18.0;32.4;9415;2;61178;37;0.0
2020-11-06 21:00:00+00:00;19.0;31.84;9417;2;61071;33;0.0
2020-11-06 22:00:00+00:00;25.0;26.6;9422;2;60984;28;0.0
2020-11-06 23:00:00+00:00;34.0;24.24;9425;2;60911;23;0.0
2020-11-07 00:00:00+00:00;31.0;23.58;9432;2;60845;21;0.0
2020-11-07 01:00:00+00:00;34.0;23.26;9436;2;60777;21;0.0
2020-11-07 02:00:00+00:00;36.0;22.76;9437;2;60713;21;0.0
2020-11-07 03:00:00+00:00;39.0;21.52;9440;2;60652;19;0.0
2020-11-07 04:00:00+00:00;41.0;21.54;9440;2;60593;19;0.0
2020-11-07 05:00:00+00:00;46.0;20.2;9443;2;60534;19;0.0
2020-11-07 06:00:00+00:00;50.0;19.42;9445;2;60478;17;0.0
2020-11-07 07:00:00+00:00;53.0;19.16;9448;2;60424;17;0.0
2020-11-07 08:00:00+00:00;55.0;18.42;9455;2;60370;17;0.0
2020-11-07 09:00:00+00:00;56.0;18.12;9461;2;60319;16;0.0
2020-11-07 10:00:00+00:00;52.0;20.68;9470;2;60263;17;0.0
2020-11-07 11:00:00+00:00;47.0;23.12;9479;2;60196;21;0.0
2020-11-07 12:00:00+00:00;40.0;26.18;9482;2;60114;26;0.0
2020-11-07 13:00:00+00:00;35.0;28.26;9480;2;60014;31;0.0
2020-11-07 14:00:00+00:00;27.0;31.72;9477;2;59894;36;0.0
2020-11-07 15:00:00+00:00;23.0;33.52;9471;2;59763;40;0.0
2020-11-07 16:00:00+00:00;21.0;35.74;9463;2;59628;41;0.0
2020-11-07 17:00:00+00:00;19.0;36.16;9455;2;59487;42;0.0
2020-11-07 18:00:00+00:00;19.0;37.78;9447;2;59345;42;0.0
2020-11-07 19:00:00+00:00;20.0;36.3;9439;2;59200;41;0.0
2020-11-07 20:00:00+00:00;22.0;34.02;9437;2;59070;39;0.0
2020-11-07 21:00:00+00:00;22.0;34.44;9438;2;58958;35;0.0
2020-11-07 22:00:00+00:00;34.0;27.28;9443;2;58859;30;0.0
2020-11-07 23:00:00+00:00;37.0;25.44;9445;2;58784;24;0.0
2020-11-08 00:00:00+00:00;38.0;25.3;9449;2;58715;23;0.0
2020-11-08 01:00:00+00:00;47.0;23.74;9454;2;58643;22;0.0
2020-11-08 02:00:00+00:00;50.0;21.6;9454;2;58579;21;0.0
2020-11-08 03:00:00+00:00;59.0;20.28;9450;2;58517;19;0.0
2020-11-08 04:00:00+00:00;61.0;19.18;9445;2;58459;18;0.0
2020-11-08 05:00:00+00:00;61.0;19.8;9443;2;58403;18;0.0
2020-11-08 06:00:00+00:00;74.0;17.56;9440;2;58347;18;0.0
2020-11-08 07:00:00+00:00;66.0;18.74;9445;2;58293;17;0.0
2020-11-08 08:00:00+00:00;54.0;20.4;9450;2;58236;18;0.0
2020-11-08 09:00:00+00:00;47.0;22.1;9454;2;58181;18;0.0
2020-11-08 10:00:00+00:00;55.0;23.94;9462;2;58119;20;0.0
2020-11-08 11:00:00+00:00;35.0;28.7;9464;2;58039;26;0.0
2020-11-08 12:00:00+00:00;27.0;32.04;9464;2;57938;32;0.0
2020-11-08 13:00:00+00:00;23.0;34.1;9464;2;57820;36;0.0
2020-11-08 14:00:00+00:00;20.0;37.18;9455;2;57679;40;0.0
2020-11-08 15:00:00+00:00;21.0;36.64;9450;2;57536;42;0.0
2020-11-08 16:00:00+00:00;19.0;38.46;9442;2;57388;44;0.0
2020-11-08 17:00:00+00:00;20.0;38.64;9434;2;57234;45;0.0
2020-11-08 18:00:00+00:00;19.0;39.34;9425;2;57086;43;0.0
2020-11-08 19:00:00+00:00;19.0;38.62;9418;2;56938;42;0.0
2020-11-08 20:00:00+00:00;25.0;34.5;9416;2;56815;37;0.0
2020-11-08 21:00:00+00:00;28.0;32.88;9418;2;56709;33;0.0
2020-11-08 22:00:00+00:00;35.0;29.38;9420;2;56610;30;0.0
2020-11-08 23:00:00+00:00;39.0;27.42;9424;2;56526;27;0.0
2020-11-09 00:00:00+00:00;42.0;27.0;9426;2;56447;25;0.0
2020-11-09 01:00:00+00:00;47.0;25.04;9429;2;56369;24;0.0
2020-11-09 02:00:00+00:00;57.0;22.34;9431;2;56300;22;0.0
2020-11-09 03:00:00+00:00;56.0;22.88;9433;2;56236;21;0.0
2020-11-09 04:00:00+00:00;55.0;23.02;9432;2;56167;22;0.0
2020-11-09 05:00:00+00:00;60.0;22.38;9427;2;56101;21;0.0
2020-11-09 06:00:00+00:00;58.0;22.08;9421;2;56036;21;0.0
2020-11-09 07:00:00+00:00;45.0;25.1;9420;2;55969;21;0.0
2020-11-09 08:00:00+00:00;48.0;23.92;9421;2;55898;23;0.0
2020-11-09 09:00:00+00:00;47.0;24.52;9428;2;55832;21;0.0
2020-11-09 10:00:00+00:00;44.0;26.28;9442;2;55758;24;0.0
2020-11-09 11:00:00+00:00;37.0;29.6;9443;2;55673;27;0.0
2020-11-09 12:00:00+00:00;40.0;27.86;9441;2;55576;30;0.0
2020-11-09 13:00:00+00:00;34.0;30.98;9438;2;55479;31;0.0
2020-11-09 14:00:00+00:00;34.0;31.12;9436;2;55373;33;0.0
2020-11-09 15:00:00+00:00;45.0;28.56;9443;2;55258;34;0.0
2020-11-09 16:00:00+00:00;82.0;21.5;9453;2;54999;24;5.6
2020-11-09 17:00:00+00:00;85.0;20.88;9442;2;54877;20;0.6
2020-11-09 18:00:00+00:00;85.0;21.24;9445;2;54807;21;0.0
2020-11-09 19:00:00+00:00;85.0;21.36;9451;2;54741;21;0.0
2020-11-09 20:00:00+00:00;84.0;21.52;9447;2;54674;21;0.0
2020-11-09 21:00:00+00:00;81.0;21.52;9446;2;54608;21;0.0
2020-11-09 22:00:00+00:00;84.0;20.48;9441;2;54546;20;0.0
2020-11-09 23:00:00+00:00;87.0;20.34;9447;2;54486;19;0.0
2020-11-10 00:00:00+00:00;86.0;20.24;9460;2;54426;19;0.0
2020-11-10 01:00:00+00:00;88.0;19.74;9460;2;54367;19;0.0
2020-11-10 02:00:00+00:00;89.0;19.52;9460;2;54308;18;0.0
2020-11-10 03:00:00+00:00;89.0;19.6;9450;2;54251;18;0.0
2020-11-10 04:00:00+00:00;88.0;19.56;9445;2;54194;18;0.0
2020-11-10 05:00:00+00:00;88.0;19.32;9433;2;54137;18;0.0
2020-11-10 06:00:00+00:00;91.0;18.82;9434;2;54081;18;0.0
2020-11-10 07:00:00+00:00;89.0;18.9;9437;2;54027;17;0.0
2020-11-10 08:00:00+00:00;94.0;17.8;9442;2;53974;17;0.0
2020-11-10 09:00:00+00:00;93.0;18.38;9444;2;53923;16;0.0
2020-11-10 10:00:00+00:00;83.0;20.94;9457;2;53866;18;0.0
2020-11-10 11:00:00+00:00;74.0;24.04;9463;2;53800;21;0.0
2020-11-10 12:00:00+00:00;71.0;24.58;9466;2;53719;26;0.0
2020-11-10 13:00:00+00:00;67.0;25.6;9465;2;53636;26;0.0
2020-11-10 14:00:00+00:00;60.0;27.2;9461;2;53547;28;0.0
2020-11-10 15:00:00+00:00;50.0;30.34;9457;2;53440;32;0.0
2020-11-10 16:00:00+00:00;47.0;30.02;9451;2;53330;34;0.0
2020-11-10 17:00:00+00:00;49.0;29.86;9448;2;53230;32;0.0
2020-11-10 18:00:00+00:00;52.0;28.96;9447;2;53134;30;0.0
2020-11-10 19:00:00+00:00;60.0;26.56;9445;2;53044;28;0.0
2020-11-10 20:00:00+00:00;67.0;24.38;9443;2;52960;26;0.0
2020-11-10 21:00:00+00:00;73.0;22.82;9444;2;52886;23;0.0
2020-11-10 22:00:00+00:00;75.0;21.64;9437;2;52820;21;0.0
2020-11-10 23:00:00+00:00;80.0;20.86;9433;2;52757;20;0.0
2020-11-11 00:00:00+00:00;84.0;20.2;9441;2;52696;19;0.0
2020-11-11 01:00:00+00:00;84.0;20.58;9446;2;52636;19;0.0
2020-11-11 02:00:00+00:00;87.0;20.02;9444;2;52574;19;0.0
2020-11-11 03:00:00+00:00;87.0;20.0;9436;2;52516;18;0.0
2020-11-11 04:00:00+00:00;91.0;19.04;9445;2;52460;18;0.0
2020-11-11 05:00:00+00:00;92.0;19.08;9438;2;52401;18;0.0
2020-11-11 06:00:00+00:00;93.0;18.96;9435;2;52344;18;0.0
2020-11-11 07:00:00+00:00;96.0;18.8;9425;2;52262;18;0.4
2020-11-11 08:00:00+00:00;96.0;18.68;9436;2;52204;18;0.0
2020-11-11 09:00:00+00:00;96.0;19.34;9437;2;52110;18;0.8
2020-11-11 10:00:00+00:00;94.0;19.96;9444;2;52052;18;0.0
2020-11-11 11:00:00+00:00;97.0;19.46;9465;2;51792;19;9.2
2020-11-11 12:00:00+00:00;96.0;20.52;9461;2;51531;19;2.4
2020-11-11 13:00:00+00:00;91.0;21.36;9465;2;51464;21;0.0
2020-11-11 14:00:00+00:00;90.0;21.52;9461;2;51379;21;0.6
2020-11-11 15:00:00+00:00;92.0;20.96;9456;2;51303;20;0.0
2020-11-11 16:00:00+00:00;86.0;24.96;9448;2;51236;22;0.0
2020-11-11 17:00:00+00:00;62.0;27.58;9441;2;51133;32;0.0
2020-11-11 18:00:00+00:00;57.0;29.24;9433;2;51039;30;0.0
2020-11-11 19:00:00+00:00;59.0;27.68;9427;2;50941;31;0.0
2020-11-11 20:00:00+00:00;63.0;26.08;9424;2;50852;28;0.0
2020-11-11 21:00:00+00:00;58.0;27.78;9420;2;50770;26;0.0
2020-11-11 22:00:00+00:00;76.0;22.46;9423;2;50691;25;0.0
2020-11-11 23:00:00+00:00;82.0;22.52;9425;2;50626;21;0.0
2020-11-12 00:00:00+00:00;90.0;21.0;9435;2;50563;20;0.0
2020-11-12 01:00:00+00:00;87.0;21.28;9440;2;50502;20;0.0
2020-11-12 02:00:00+00:00;90.0;19.36;9443;2;50440;19;0.0
2020-11-12 03:00:00+00:00;94.0;18.7;9439;2;50385;18;0.0
2020-11-12 04:00:00+00:00;94.0;17.76;9432;2;50331;17;0.0
2020-11-12 05:00:00+00:00;92.0;17.54;9428;2;50279;16;0.0
2020-11-12 06:00:00+00:00;93.0;16.8;9425;2;50228;16;0.0
2020-11-12 07:00:00+00:00;95.0;17.14;9423;2;50178;16;0.0
2020-11-12 08:00:00+00:00;92.0;17.34;9428;2;50127;16;0.0
2020-11-12 09:00:00+00:00;93.0;17.34;9433;2;50078;16;0.0
2020-11-12 10:00:00+00:00;85.0;19.56;9439;2;50024;16;0.0
2020-11-12 11:00:00+00:00;74.0;22.78;9443;2;49961;20;0.0
2020-11-12 12:00:00+00:00;59.0;26.48;9445;2;49876;27;0.0
2020-11-12 13:00:00+00:00;48.0;30.24;9444;2;49772;32;0.0
2020-11-12 14:00:00+00:00;42.0;32.42;9440;2;49641;38;0.0
2020-11-12 15:00:00+00:00;42.0;32.04;9435;2;49518;38;0.0
2020-11-12 16:00:00+00:00;43.0;32.22;9428;2;49397;37;0.0
2020-11-12 17:00:00+00:00;37.0;34.16;9414;2;49278;37;0.0
2020-11-12 18:00:00+00:00;36.0;33.66;9404;2;49153;38;0.0
2020-11-12 19:00:00+00:00;39.0;32.26;9395;2;49037;36;0.0
2020-11-12 20:00:00+00:00;55.0;27.78;9398;2;48925;31;0.0
2020-11-12 21:00:00+00:00;87.0;20.92;9405;2;48790;23;0.0
2020-11-12 22:00:00+00:00;86.0;20.44;9421;2;48709;20;0.6
2020-11-12 23:00:00+00:00;85.0;19.28;9424;2;48649;18;0.0
2020-11-13 00:00:00+00:00;87.0;19.64;9421;2;48592;18;0.0
2020-11-13 01:00:00+00:00;86.0;19.48;9425;2;48536;18;0.0
2020-11-13 02:00:00+00:00;83.0;18.84;9427;2;48480;17;0.0
2020-11-13 03:00:00+00:00;87.0;17.36;9423;2;48428;16;0.0
2020-11-13 04:00:00+00:00;91.0;16.9;9417;2;48379;15;0.0
2020-11-13 05:00:00+00:00;94.0;16.0;9416;2;48330;15;0.0
2020-11-13 06:00:00+00:00;94.0;16.38;9418;2;48282;15;0.0
2020-11-13 07:00:00+00:00;96.0;16.38;9415;2;48233;15;0.0
2020-11-13 08:00:00+00:00;96.0;16.18;9418;2;48184;15;0.0
2020-11-13 09:00:00+00:00;94.0;16.82;9421;2;48136;15;0.0
2020-11-13 10:00:00+00:00;83.0;20.22;9425;2;48083;17;0.0
2020-11-13 11:00:00+00:00;65.0;24.74;9431;2;48018;21;0.0
2020-11-13 12:00:00+00:00;59.0;26.82;9436;2;47935;27;0.0
2020-11-13 13:00:00+00:00;56.0;28.78;9440;2;47837;31;0.0
2020-11-13 14:00:00+00:00;42.0;32.24;9435;2;47720;35;0.0
2020-11-13 15:00:00+00:00;37.0;33.92;9429;2;47594;39;0.0
2020-11-13 16:00:00+00:00;34.0;34.46;9422;2;47462;40;0.0
2020-11-13 17:00:00+00:00;32.0;34.38;9408;2;47331;40;0.0
2020-11-13 18:00:00+00:00;27.0;34.6;9397;2;47205;38;0.0
2020-11-13 19:00:00+00:00;27.0;33.08;9392;2;47082;36;0.0
2020-11-13 20:00:00+00:00;25.0;33.26;9387;2;46967;36;0.0
2020-11-13 21:00:00+00:00;28.0;32.22;9384;2;46860;34;0.0
2020-11-13 22:00:00+00:00;44.0;26.94;9387;2;46764;29;0.0
2020-11-13 23:00:00+00:00;52.0;24.62;9398;2;46689;24;0.0
2020-11-14 00:00:00+00:00;56.0;23.54;9405;2;46622;22;0.0
2020-11-14 01:00:00+00:00;63.0;22.68;9411;2;46553;21;0.0
2020-11-14 02:00:00+00:00;70.0;21.28;9411;2;46490;20;0.0
2020-11-14 03:00:00+00:00;75.0;20.4;9408;2;46429;19;0.0
2020-11-14 04:00:00+00:00;77.0;19.84;9404;2;46371;19;0.0
2020-11-14 05:00:00+00:00;70.0;20.82;9400;2;46313;18;0.0
2020-11-14 06:00:00+00:00;79.0;18.94;9399;2;46256;18;0.0
2020-11-14 07:00:00+00:00;72.0;20.58;9402;2;46201;17;0.0
2020-11-14 08:00:00+00:00;72.0;20.58;9404;2;46144;18;0.0
2020-11-14 09:00:00+00:00;79.0;19.84;9412;2;46088;18;0.0
2020-11-14 10:00:00+00:00;67.0;24.52;9421;2;46028;19;0.0
2020-11-14 11:00:00+00:00;60.0;26.42;9427;2;45950;25;0.0
2020-11-14 12:00:00+00:00;57.0;28.0;9429;2;45857;29;0.0
2020-11-14 13:00:00+00:00;51.0;29.82;9427;2;45754;32;0.0
2020-11-14 14:00:00+00:00;45.0;31.76;9422;2;45632;36;0.0
2020-11-14 15:00:00+00:00;36.0;34.68;9414;2;45506;38;0.0
2020-11-14 16:00:00+00:00;36.0;34.42;9408;2;45371;40;0.0
2020-11-14 17:00:00+00:00;28.0;37.28;9398;2;45239;40;0.0
2020-11-14 18:00:00+00:00;25.0;37.78;9384;2;45096;42;0.0
2020-11-14 19:00:00+00:00;26.0;35.76;9374;2;44954;40;0.0
2020-11-14 20:00:00+00:00;27.0;36.16;9370;2;44826;38;0.0
2020-11-14 21:00:00+00:00;33.0;33.44;9372;2;44709;36;0.0
2020-11-14 22:00:00+00:00;51.0;28.18;9382;2;44610;31;0.0
2020-11-14 23:00:00+00:00;59.0;25.36;9394;2;44527;25;0.0
2020-11-15 00:00:00+00:00;63.0;24.1;9402;2;44455;23;0.0
2020-11-15 01:00:00+00:00;64.0;23.96;9408;2;44384;22;0.0
2020-11-15 02:00:00+00:00;66.0;23.12;9415;2;44317;22;0.0
2020-11-15 03:00:00+00:00;72.0;22.08;9418;2;44253;21;0.0
2020-11-15 04:00:00+00:00;73.0;21.9;9416;2;44190;20;0.0
2020-11-15 05:00:00+00:00;80.0;21.18;9412;2;44129;20;0.0
2020-11-15 06:00:00+00:00;82.0;20.62;9402;2;44063;19;0.0
2020-11-15 07:00:00+00:00;73.0;22.2;9394;2;43973;19;0.0
2020-11-15 08:00:00+00:00;76.0;22.14;9407;2;43897;20;0.0
2020-11-15 09:00:00+00:00;75.0;22.34;9417;2;43826;20;0.0
2020-11-15 10:00:00+00:00;68.0;24.62;9424;2;43753;22;0.0
2020-11-15 11:00:00+00:00;54.0;28.7;9427;2;43671;26;0.0
2020-11-15 12:00:00+00:00;51.0;30.2;9430;2;43574;30;0.0
2020-11-15 13:00:00+00:00;46.0;32.64;9431;2;43466;34;0.0
2020-11-15 14:00:00+00:00;39.0;34.94;9429;2;43340;36;0.0
2020-11-15 15:00:00+00:00;39.0;34.84;9423;2;43209;39;0.0
2020-11-15 16:00:00+00:00;57.0;28.42;9423;2;43045;33;0.0
2020-11-15 17:00:00+00:00;55.0;27.16;9420;2;42867;31;0.0
2020-11-15 18:00:00+00:00;55.0;26.74;9424;2;42734;29;0.0
2020-11-15 19:00:00+00:00;57.0;25.72;9419;2;42640;28;0.0
2020-11-15 20:00:00+00:00;53.0;26.38;9407;2;42554;26;0.0
2020-11-15 21:00:00+00:00;56.0;25.24;9410;2;42475;25;0.0
2020-11-15 22:00:00+00:00;62.0;23.12;9405;2;42401;24;0.0
2020-11-15 23:00:00+00:00;69.0;21.74;9411;2;42336;20;0.0
2020-11-16 00:00:00+00:00;73.0;20.84;9412;2;42275;19;0.0
2020-11-16 01:00:00+00:00;78.0;19.48;9414;2;42216;18;0.0
2020-11-16 02:00:00+00:00;86.0;18.0;9412;2;42162;17;0.0
2020-11-16 03:00:00+00:00;87.0;18.7;9414;2;42109;16;0.0
2020-11-16 04:00:00+00:00;90.0;17.86;9414;2;42056;17;0.0
2020-11-16 05:00:00+00:00;90.0;18.56;9412;2;42003;16;0.0
2020-11-16 06:00:00+00:00;92.0;17.82;9412;2;41949;17;0.0
2020-11-16 07:00:00+00:00;90.0;18.78;9412;2;41895;17;0.0
2020-11-16 08:00:00+00:00;89.0;19.18;9414;2;41840;17;0.0
2020-11-16 09:00:00+00:00;89.0;19.04;9416;2;41786;18;0.0
2020-11-16 10:00:00+00:00;81.0;21.54;9426;2;41727;19;0.0
2020-11-16 11:00:00+00:00;66.0;23.92;9427;2;41656;23;0.0
2020-11-16 12:00:00+00:00;50.0;28.9;9428;2;41568;27;0.0
2020-11-16 13:00:00+00:00;39.0;32.26;9426;2;41461;34;0.0
2020-11-16 14:00:00+00:00;35.0;33.98;9419;2;41335;37;0.0
2020-11-16 15:00:00+00:00;33.0;36.14;9416;2;41206;39;0.0
2020-11-16 16:00:00+00:00;34.0;35.86;9404;2;41073;40;0.0
2020-11-16 17:00:00+00:00;35.0;35.18;9396;2;40944;39;0.0
2020-11-16 18:00:00+00:00;39.0;33.48;9387;2;40821;37;0.0
2020-11-16 19:00:00+00:00;39.0;33.82;9378;2;40694;37;0.0
2020-11-16 20:00:00+00:00;41.0;32.64;9369;2;40584;34;0.0
2020-11-16 21:00:00+00:00;46.0;30.46;9372;2;40480;33;0.0
2020-11-16 22:00:00+00:00;56.0;27.56;9379;2;40388;29;0.0
2020-11-16 23:00:00+00:00;62.0;26.02;9390;2;40306;25;0.0
2020-11-17 00:00:00+00:00;70.0;24.64;9391;2;40232;24;0.0
2020-11-17 01:00:00+00:00;72.0;23.68;9393;2;40158;23;0.0
2020-11-17 02:00:00+00:00;76.0;22.78;9396;2;40091;22;0.0
2020-11-17 03:00:00+00:00;74.0;22.86;9393;2;40024;22;0.0
2020-11-17 04:00:00+00:00;79.0;21.52;9393;2;39959;21;0.0
2020-11-17 05:00:00+00:00;82.0;20.44;9387;2;39898;19;0.0
2020-11-17 06:00:00+00:00;83.0;19.78;9387;2;39840;19;0.0
2020-11-17 07:00:00+00:00;87.0;18.66;9392;2;39784;18;0.0
2020-11-17 08:00:00+00:00;88.0;18.18;9395;2;39730;17;0.0
2020-11-17 09:00:00+00:00;87.0;18.72;9399;2;39678;17;0.0
2020-11-17 10:00:00+00:00;69.0;23.76;9403;2;39618;19;0.0
2020-11-17 11:00:00+00:00;54.0;27.16;9402;2;39539;26;0.0
2020-11-17 12:00:00+00:00;42.0;30.98;9406;2;39439;31;0.0
2020-11-17 13:00:00+00:00;37.0;32.62;9401;2;39319;37;0.0
2020-11-17 14:00:00+00:00;33.0;34.26;9397;2;39177;40;0.0
2020-11-17 15:00:00+00:00;32.0;34.68;9391;2;39038;42;0.0
2020-11-17 16:00:00+00:00;28.0;35.92;9381;2;38893;43;0.0
2020-11-17 17:00:00+00:00;25.0;37.78;9372;2;38759;40;0.0
2020-11-17 18:00:00+00:00;26.0;36.7;9361;2;38617;42;0.0
2020-11-17 19:00:00+00:00;30.0;35.2;9357;2;38477;39;0.0
2020-11-17 20:00:00+00:00;30.0;33.62;9354;2;38354;37;0.0
2020-11-17 21:00:00+00:00;34.0;31.62;9355;2;38245;34;0.0
2020-11-17 22:00:00+00:00;42.0;28.74;9360;2;38148;31;0.0
2020-11-17 23:00:00+00:00;51.0;25.84;9371;2;38062;27;0.0
2020-11-18 00:00:00+00:00;45.0;25.98;9380;2;37985;25;0.0
2020-11-18 01:00:00+00:00;47.0;24.56;9385;2;37908;23;0.0
2020-11-18 02:00:00+00:00;49.0;23.8;9386;2;37838;23;0.0
2020-11-18 03:00:00+00:00;52.0;22.62;9385;2;37769;22;0.0
2020-11-18 04:00:00+00:00;54.0;22.44;9395;2;37701;22;0.0
2020-11-18 05:00:00+00:00;56.0;22.28;9378;2;37637;21;0.0
2020-11-18 06:00:00+00:00;58.0;22.34;9370;2;37569;21;0.0
2020-11-18 07:00:00+00:00;76.0;21.22;9375;2;37507;20;0.0
2020-11-18 08:00:00+00:00;85.0;20.84;9382;2;37446;20;0.0
2020-11-18 09:00:00+00:00;88.0;20.16;9382;2;37365;19;0.2
2020-11-18 10:00:00+00:00;94.0;19.34;9395;2;37162;18;2.8
2020-11-18 11:00:00+00:00;96.0;18.7;9411;2;36608;18;16.8
2020-11-18 12:00:00+00:00;96.0;19.14;9411;2;36375;18;3.6
2020-11-18 13:00:00+00:00;95.0;19.24;9422;2;36169;19;4.2
2020-11-18 14:00:00+00:00;92.0;19.76;9411;2;35989;19;3.4
2020-11-18 15:00:00+00:00;92.0;20.44;9403;2;35851;20;2.0
2020-11-18 16:00:00+00:00;91.0;20.58;9389;2;35786;21;0.0
2020-11-18 17:00:00+00:00;91.0;20.14;9385;2;35678;20;0.8
2020-11-18 18:00:00+00:00;94.0;19.58;9390;2;35336;19;6.8
2020-11-18 19:00:00+00:00;94.0;19.18;9383;2;35276;19;0.2
2020-11-18 20:00:00+00:00;95.0;18.02;9393;2;34915;18;6.2
2020-11-18 21:00:00+00:00;94.0;17.6;9390;2;34763;17;2.2
2020-11-18 22:00:00+00:00;96.0;17.54;9391;2;34709;17;0.0
2020-11-18 23:00:00+00:00;96.0;17.14;9380;2;34652;16;0.2
2020-11-19 00:00:00+00:00;96.0;16.88;9408;2;34601;16;0.0
2020-11-19 01:00:00+00:00;96.0;17.16;9412;2;34549;16;0.0
2020-11-19 02:00:00+00:00;95.0;16.86;9415;2;34497;16;0.0
2020-11-19 03:00:00+00:00;97.0;15.88;9411;2;34447;15;0.0
2020-11-19 04:00:00+00:00;98.0;15.4;9413;2;34400;14;0.0
2020-11-19 05:00:00+00:00;95.0;16.22;9411;2;34353;14;0.0
2020-11-19 06:00:00+00:00;96.0;16.06;9410;2;34304;15;0.0
2020-11-19 07:00:00+00:00;97.0;15.5;9407;2;34255;14;0.0
2020-11-19 08:00:00+00:00;97.0;15.56;9409;2;34209;14;0.0
2020-11-19 09:00:00+00:00;95.0;15.52;9414;2;34164;14;0.2
2020-11-19 10:00:00+00:00;81.0;19.78;9417;2;34113;15;0.0
2020-11-19 11:00:00+00:00;74.0;22.38;9423;2;34052;19;0.0
2020-11-19 12:00:00+00:00;68.0;22.38;9430;2;33979;24;0.0
2020-11-19 13:00:00+00:00;59.0;25.24;9430;2;33893;27;0.0
2020-11-19 14:00:00+00:00;52.0;25.98;9428;2;33790;32;0.0
2020-11-19 15:00:00+00:00;46.0;27.78;9425;2;33678;34;0.0
2020-11-19 16:00:00+00:00;50.0;26.42;9421;2;33574;33;0.0
2020-11-19 17:00:00+00:00;45.0;27.4;9415;2;33465;34;0.0
2020-11-19 18:00:00+00:00;42.0;29.34;9409;2;33364;32;0.0
2020-11-19 19:00:00+00:00;39.0;27.48;9405;2;33255;33;0.0
2020-11-19 20:00:00+00:00;43.0;26.16;9406;2;33169;27;0.0
2020-11-19 21:00:00+00:00;49.0;24.94;9408;2;33086;27;0.0
2020-11-19 22:00:00+00:00;65.0;21.52;9414;3;65533;22;0.0
2020-11-19 23:00:00+00:00;69.0;19.88;9419;3;65468;19;0.0
2020-11-20 00:00:00+00:00;70.0;19.44;9426;3;65413;17;0.0
2020-11-20 01:00:00+00:00;78.0;17.8;9433;3;65360;16;0.0
2020-11-20 02:00:00+00:00;82.0;17.0;9432;3;65309;15;0.0
2020-11-20 03:00:00+00:00;88.0;15.54;9430;3;65260;14;0.0
2020-11-20 04:00:00+00:00;85.0;15.86;9429;3;65214;14;0.0
2020-11-20 05:00:00+00:00;78.0;17.38;9428;3;65167;14;0.0
2020-11-20 06:00:00+00:00;80.0;17.06;9429;3;65118;15;0.0
2020-11-20 07:00:00+00:00;82.0;16.38;9432;3;65070;14;0.0
2020-11-20 08:00:00+00:00;86.0;15.54;9439;3;65023;14;0.0
2020-11-20 09:00:00+00:00;86.0;15.66;9443;3;64981;14;0.0
2020-11-20 10:00:00+00:00;75.0;18.98;9453;3;64932;15;0.0
2020-11-20 11:00:00+00:00;63.0;21.32;9459;3;64869;20;0.0
2020-11-20 12:00:00+00:00;55.0;22.68;9460;3;64793;24;0.0
2020-11-20 13:00:00+00:00;48.0;25.7;9458;3;64702;28;0.0
2020-11-20 14:00:00+00:00;43.0;27.76;9454;3;64595;33;0.0
2020-11-20 15:00:00+00:00;35.0;31.16;9446;3;64472;37;0.0
2020-11-20 16:00:00+00:00;27.0;32.28;9439;3;64340;39;0.0
2020-11-20 17:00:00+00:00;32.0;28.78;9434;3;64214;38;0.0
2020-11-20 18:00:00+00:00;29.0;30.86;9424;3;64090;37;0.0
2020-11-20 19:00:00+00:00;30.0;30.64;9417;3;63966;37;0.0
2020-11-20 20:00:00+00:00;36.0;27.0;9414;3;63862;32;0.0
2020-11-20 21:00:00+00:00;33.0;28.6;9416;3;63778;27;0.0
2020-11-20 22:00:00+00:00;45.0;24.1;9420;3;63688;26;0.0
2020-11-20 23:00:00+00:00;53.0;21.74;9423;3;63597;21;0.0
2020-11-21 00:00:00+00:00;56.0;20.52;9427;3;63538;18;0.0
2020-11-21 01:00:00+00:00;58.0;19.94;9432;3;63481;18;0.0
2020-11-21 02:00:00+00:00;73.0;17.74;9431;3;63426;17;0.0
2020-11-21 03:00:00+00:00;78.0;16.5;9426;3;63374;15;0.0
2020-11-21 04:00:00+00:00;84.0;15.1;9423;3;63326;14;0.0
2020-11-21 05:00:00+00:00;80.0;15.82;9420;3;63279;14;0.0
2020-11-21 06:00:00+00:00;74.0;16.72;9423;3;63233;13;0.0
2020-11-21 07:00:00+00:00;76.0;16.68;9424;3;63185;14;0.0
2020-11-21 08:00:00+00:00;79.0;16.66;9431;3;63139;14;0.0
2020-11-21 09:00:00+00:00;78.0;17.18;9439;3;63094;14;0.0
2020-11-21 10:00:00+00:00;66.0;20.68;9449;3;63041;17;0.0
2020-11-21 11:00:00+00:00;58.0;23.44;9457;3;62974;22;0.0
2020-11-21 12:00:00+00:00;53.0;24.56;9458;3;62894;26;0.0
2020-11-21 13:00:00+00:00;45.0;27.12;9459;3;62802;29;0.0
2020-11-21 14:00:00+00:00;40.0;29.24;9455;3;62693;34;0.0
2020-11-21 15:00:00+00:00;42.0;27.42;9448;3;62575;36;0.0
2020-11-21 16:00:00+00:00;33.0;30.5;9439;3;62468;33;0.0
2020-11-21 17:00:00+00:00;29.0;32.28;9433;3;62361;33;0.0
2020-11-21 18:00:00+00:00;30.0;30.54;9423;3;62238;37;0.0
2020-11-21 19:00:00+00:00;21.0;32.9;9418;3;62118;37;0.0
2020-11-21 20:00:00+00:00;23.0;31.62;9416;3;61999;36;0.0
2020-11-21 21:00:00+00:00;28.0;29.72;9421;3;61895;32;0.0
2020-11-21 22:00:00+00:00;42.0;24.04;9426;3;61803;27;0.0
2020-11-21 23:00:00+00:00;48.0;22.18;9434;3;61722;22;0.0
2020-11-22 00:00:00+00:00;47.0;22.44;9441;3;61660;20;0.0
2020-11-22 01:00:00+00:00;50.0;21.74;9446;3;61598;19;0.0
2020-11-22 02:00:00+00:00;62.0;19.58;9449;3;61541;18;0.0
2020-11-22 03:00:00+00:00;71.0;17.9;9447;3;61487;17;0.0
2020-11-22 04:00:00+00:00;82.0;15.94;9442;3;61437;15;0.0
2020-11-22 05:00:00+00:00;75.0;16.82;9439;3;61389;14;0.0
2020-11-22 06:00:00+00:00;80.0;15.94;9439;3;61341;14;0.0
2020-11-22 07:00:00+00:00;69.0;18.52;9444;3;61293;15;0.0
2020-11-22 08:00:00+00:00;73.0;17.72;9452;3;61241;16;0.0
2020-11-22 09:00:00+00:00;79.0;16.36;9461;3;61194;15;0.0
2020-11-22 10:00:00+00:00;66.0;21.22;9468;3;61141;16;0.0
2020-11-22 11:00:00+00:00;58.0;24.18;9473;3;61072;22;0.0
2020-11-22 12:00:00+00:00;49.0;26.26;9475;3;60987;27;0.0
2020-11-22 13:00:00+00:00;43.0;28.8;9475;3;60887;31;0.0
2020-11-22 14:00:00+00:00;38.0;30.7;9473;3;60775;35;0.0
2020-11-22 15:00:00+00:00;32.0;32.2;9467;3;60653;37;0.0
2020-11-22 16:00:00+00:00;25.0;35.08;9461;3;60519;40;0.0
2020-11-22 17:00:00+00:00;24.0;35.28;9452;3;60382;41;0.0
2020-11-22 18:00:00+00:00;28.0;31.56;9446;3;60257;38;0.0
2020-11-22 19:00:00+00:00;31.0;30.84;9443;3;60151;33;0.0
2020-11-22 20:00:00+00:00;28.0;32.24;9440;3;60049;31;0.0
2020-11-22 21:00:00+00:00;28.0;32.58;9441;3;59942;33;0.0
2020-11-22 22:00:00+00:00;41.0;27.08;9444;3;59847;29;0.0
2020-11-22 23:00:00+00:00;55.0;23.4;9450;3;59766;24;0.0
2020-11-23 00:00:00+00:00;58.0;22.2;9456;3;59701;21;0.0
2020-11-23 01:00:00+00:00;63.0;20.64;9461;3;59641;19;0.0
2020-11-23 02:00:00+00:00;69.0;19.38;9461;3;59583;18;0.0
2020-11-23 03:00:00+00:00;70.0;18.8;9457;3;59528;17;0.0
2020-11-23 04:00:00+00:00;71.0;18.64;9454;3;59474;17;0.0
2020-11-23 05:00:00+00:00;66.0;19.22;9454;3;59423;16;0.0
2020-11-23 06:00:00+00:00;66.0;19.52;9452;3;59369;17;0.0
2020-11-23 07:00:00+00:00;68.0;18.92;9457;3;59315;17;0.0
2020-11-23 08:00:00+00:00;68.0;18.18;9462;3;59263;16;0.0
2020-11-23 09:00:00+00:00;72.0;18.16;9469;3;59214;16;0.0
2020-11-23 10:00:00+00:00;63.0;21.66;9478;3;59158;18;0.0
2020-11-23 11:00:00+00:00;57.0;23.88;9487;3;59089;22;0.0
2020-11-23 12:00:00+00:00;54.0;24.98;9490;3;59007;26;0.0
2020-11-23 13:00:00+00:00;45.0;26.78;9491;3;58911;30;0.0
2020-11-23 14:00:00+00:00;44.0;27.58;9487;3;58804;33;0.0
2020-11-23 15:00:00+00:00;36.0;31.1;9481;3;58682;37;0.0
2020-11-23 16:00:00+00:00;32.0;31.62;9475;3;58556;38;0.0
2020-11-23 17:00:00+00:00;29.0;32.42;9466;3;58426;39;0.0
2020-11-23 18:00:00+00:00;27.0;33.34;9460;3;58294;39;0.0
2020-11-23 19:00:00+00:00;26.0;33.12;9453;3;58163;39;0.0
2020-11-23 20:00:00+00:00;27.0;32.72;9448;3;58040;37;0.0
2020-11-23 21:00:00+00:00;28.0;32.12;9448;3;57929;34;0.0
2020-11-23 22:00:00+00:00;38.0;27.22;9450;3;57834;29;0.0
2020-11-23 23:00:00+00:00;41.0;25.14;9453;3;57758;24;0.0
2020-11-24 00:00:00+00:00;45.0;23.64;9457;3;57689;22;0.0
2020-11-24 01:00:00+00:00;48.0;22.34;9464;3;57626;20;0.0
2020-11-24 02:00:00+00:00;46.0;22.94;9469;3;57563;20;0.0
2020-11-24 03:00:00+00:00;48.0;22.34;9467;3;57500;20;0.0
2020-11-24 04:00:00+00:00;52.0;21.56;9465;3;57438;19;0.0
2020-11-24 05:00:00+00:00;55.0;21.08;9462;3;57378;19;0.0
2020-11-24 06:00:00+00:00;58.0;20.5;9462;3;57320;18;0.0
2020-11-24 07:00:00+00:00;62.0;19.38;9462;3;57264;17;0.0
2020-11-24 08:00:00+00:00;68.0;18.08;9468;3;57211;16;0.0
2020-11-24 09:00:00+00:00;69.0;18.42;9473;3;57161;16;0.0
2020-11-24 10:00:00+00:00;57.0;22.14;9483;3;57105;17;0.0
2020-11-24 11:00:00+00:00;50.0;23.84;9491;3;57034;23;0.0
2020-11-24 12:00:00+00:00;43.0;25.62;9493;3;56949;27;0.0
2020-11-24 13:00:00+00:00;37.0;28.32;9490;3;56850;31;0.0
2020-11-24 14:00:00+00:00;36.0;29.28;9485;3;56739;34;0.0
2020-11-24 15:00:00+00:00;31.0;32.4;9480;3;56616;37;0.0
2020-11-24 16:00:00+00:00;31.0;33.62;9474;3;56481;40;0.0
2020-11-24 17:00:00+00:00;30.0;34.66;9465;3;56342;41;0.0
2020-11-24 18:00:00+00:00;29.0;35.34;9455;3;56204;41;0.0
2020-11-24 19:00:00+00:00;30.0;34.46;9444;3;56068;40;0.0
2020-11-24 20:00:00+00:00;33.0;33.98;9440;3;55944;37;0.0
2020-11-24 21:00:00+00:00;31.0;34.86;9436;3;55827;36;0.0
2020-11-24 22:00:00+00:00;44.0;29.28;9439;3;55725;32;0.0
2020-11-24 23:00:00+00:00;52.0;26.6;9443;3;55643;26;0.0
2020-11-25 00:00:00+00:00;60.0;24.04;9448;3;55570;23;0.0
2020-11-25 01:00:00+00:00;57.0;24.78;9450;3;55501;22;0.0
2020-11-25 02:00:00+00:00;54.0;25.24;9452;3;55429;23;0.0
2020-11-25 03:00:00+00:00;60.0;23.8;9449;3;55359;22;0.0
2020-11-25 04:00:00+00:00;61.0;23.88;9444;3;55292;22;0.0
2020-11-25 05:00:00+00:00;66.0;22.66;9445;3;55224;21;0.0
2020-11-25 06:00:00+00:00;66.0;22.92;9447;3;55162;20;0.0
2020-11-25 07:00:00+00:00;69.0;22.14;9448;3;55098;21;0.0
2020-11-25 08:00:00+00:00;71.0;21.8;9453;3;55036;20;0.0
2020-11-25 09:00:00+00:00;73.0;21.4;9464;3;54977;19;0.0
2020-11-25 10:00:00+00:00;59.0;25.56;9472;3;54911;21;0.0
2020-11-25 11:00:00+00:00;47.0;27.72;9477;3;54828;27;0.0
2020-11-25 12:00:00+00:00;45.0;29.3;9476;3;54732;30;0.0
2020-11-25 13:00:00+00:00;45.0;30.2;9474;3;54625;33;0.0
2020-11-25 14:00:00+00:00;40.0;32.82;9469;3;54508;35;0.0
2020-11-25 15:00:00+00:00;36.0;34.3;9459;3;54379;38;0.0
2020-11-25 16:00:00+00:00;32.0;35.28;9451;3;54246;39;0.0
2020-11-25 17:00:00+00:00;32.0;35.92;9441;3;54113;39;0.0
2020-11-25 18:00:00+00:00;28.0;37.0;9434;3;53979;39;0.0
2020-11-25 19:00:00+00:00;29.0;36.3;9426;3;53842;41;0.0
2020-11-25 20:00:00+00:00;33.0;33.88;9422;3;53713;38;0.0
2020-11-25 21:00:00+00:00;32.0;34.66;9417;3;53600;34;0.0
2020-11-25 22:00:00+00:00;41.0;29.54;9418;3;53496;32;0.0
2020-11-25 23:00:00+00:00;46.0;27.06;9423;3;53411;27;0.0
2020-11-26 00:00:00+00:00;48.0;27.3;9431;3;53333;25;0.0
2020-11-26 01:00:00+00:00;49.0;25.92;9436;3;53255;25;0.0
2020-11-26 02:00:00+00:00;61.0;24.94;9440;3;53182;23;0.0
2020-11-26 03:00:00+00:00;59.0;24.28;9438;3;53110;23;0.0
2020-11-26 04:00:00+00:00;54.0;24.88;9430;3;53041;22;0.0
2020-11-26 05:00:00+00:00;59.0;23.26;9426;3;52973;22;0.0
2020-11-26 06:00:00+00:00;59.0;22.04;9423;3;52908;21;0.0
2020-11-26 07:00:00+00:00;64.0;21.8;9426;3;52846;19;0.0
2020-11-26 08:00:00+00:00;66.0;21.26;9433;3;52786;19;0.0
2020-11-26 09:00:00+00:00;75.0;20.4;9437;3;52728;19;0.0
2020-11-26 10:00:00+00:00;54.0;26.66;9442;3;52662;21;0.0
2020-11-26 11:00:00+00:00;46.0;29.48;9456;3;52575;28;0.0
2020-11-26 12:00:00+00:00;44.0;30.6;9457;3;52475;31;0.0
2020-11-26 13:00:00+00:00;43.0;31.58;9455;3;52368;33;0.0
2020-11-26 14:00:00+00:00;40.0;32.64;9450;3;52254;35;0.0
2020-11-26 15:00:00+00:00;33.0;35.78;9442;3;52126;38;0.0
2020-11-26 16:00:00+00:00;30.0;36.22;9432;3;51991;39;0.0
2020-11-26 17:00:00+00:00;31.0;36.02;9426;3;51852;41;0.0
2020-11-26 18:00:00+00:00;30.0;35.52;9420;3;51723;38;0.0
2020-11-26 19:00:00+00:00;32.0;34.6;9415;3;51603;37;0.0
2020-11-26 20:00:00+00:00;32.0;35.22;9408;3;51486;36;0.0
2020-11-26 21:00:00+00:00;37.0;33.18;9409;3;51375;34;0.0
2020-11-26 22:00:00+00:00;69.0;23.64;9418;3;50927;26;0.0
2020-11-26 23:00:00+00:00;66.0;24.22;9425;3;50859;22;0.0
2020-11-27 00:00:00+00:00;72.0;22.28;9433;3;50792;21;0.0
2020-11-27 01:00:00+00:00;71.0;23.7;9444;3;50727;21;0.0
2020-11-27 02:00:00+00:00;80.0;22.76;9441;3;50658;22;0.0
2020-11-27 03:00:00+00:00;75.0;22.96;9434;3;50591;22;0.0
2020-11-27 04:00:00+00:00;82.0;21.36;9433;3;50526;21;0.0
2020-11-27 05:00:00+00:00;77.0;22.2;9428;3;50462;20;0.0
2020-11-27 06:00:00+00:00;74.0;22.3;9428;3;50400;20;0.0
2020-11-27 07:00:00+00:00;75.0;21.96;9430;3;50338;20;0.0
2020-11-27 08:00:00+00:00;73.0;22.0;9432;3;50276;20;0.0
2020-11-27 09:00:00+00:00;72.0;22.66;9444;3;50216;20;0.0
2020-11-27 10:00:00+00:00;68.0;24.46;9457;3;50146;22;0.0
2020-11-27 11:00:00+00:00;65.0;25.22;9467;3;50067;25;0.0
2020-11-27 12:00:00+00:00;51.0;30.2;9471;3;49973;29;0.0
2020-11-27 13:00:00+00:00;44.0;31.62;9467;3;49859;35;0.0
2020-11-27 14:00:00+00:00;43.0;32.1;9463;3;49741;36;0.0
2020-11-27 15:00:00+00:00;41.0;33.5;9457;3;49616;38;0.0
2020-11-27 16:00:00+00:00;35.0;35.88;9448;3;49482;40;0.0
2020-11-27 17:00:00+00:00;35.0;36.22;9435;3;49341;41;0.0
2020-11-27 18:00:00+00:00;32.0;35.96;9424;3;49204;41;0.0
2020-11-27 19:00:00+00:00;37.0;33.7;9417;3;49067;40;0.0
2020-11-27 20:00:00+00:00;38.0;33.1;9417;3;48954;34;0.0
2020-11-27 21:00:00+00:00;37.0;31.78;9421;3;48846;33;0.0
2020-11-27 22:00:00+00:00;56.0;27.92;9428;3;48753;29;0.0
2020-11-27 23:00:00+00:00;63.0;24.96;9449;3;48667;26;0.0
2020-11-28 00:00:00+00:00;72.0;22.86;9453;3;48591;23;0.2
2020-11-28 01:00:00+00:00;75.0;22.5;9465;3;48522;22;0.0
2020-11-28 02:00:00+00:00;73.0;22.48;9468;3;48453;22;0.0
2020-11-28 03:00:00+00:00;83.0;20.86;9484;3;48246;21;3.8
2020-11-28 04:00:00+00:00;92.0;19.46;9471;3;47673;19;4.6
2020-11-28 05:00:00+00:00;92.0;19.32;9463;3;47514;18;1.0
2020-11-28 06:00:00+00:00;87.0;19.76;9458;3;47456;18;0.2
2020-11-28 07:00:00+00:00;90.0;19.66;9462;3;47398;18;0.0
2020-11-28 08:00:00+00:00;89.0;19.62;9464;3;47339;19;0.0
2020-11-28 09:00:00+00:00;87.0;19.96;9469;3;47282;19;0.0
2020-11-28 10:00:00+00:00;88.0;20.32;9476;3;47223;19;0.0
2020-11-28 11:00:00+00:00;86.0;20.96;9477;3;47160;19;0.0
2020-11-28 12:00:00+00:00;76.0;25.18;9474;3;47089;21;0.0
2020-11-28 13:00:00+00:00;59.0;29.08;9476;3;46995;30;0.0
2020-11-28 14:00:00+00:00;53.0;29.62;9476;3;46881;35;0.0
2020-11-28 15:00:00+00:00;47.0;32.98;9471;3;46756;38;0.0
2020-11-28 16:00:00+00:00;40.0;33.86;9465;3;46623;40;0.0
2020-11-28 17:00:00+00:00;39.0;35.16;9458;3;46488;40;0.0
2020-11-28 18:00:00+00:00;33.0;36.82;9445;3;46346;42;0.0
2020-11-28 19:00:00+00:00;31.0;37.8;9435;3;46204;42;0.0
2020-11-28 20:00:00+00:00;45.0;33.12;9429;3;46074;38;0.0
2020-11-28 21:00:00+00:00;50.0;31.7;9430;3;45969;33;0.0
2020-11-28 22:00:00+00:00;58.0;28.12;9433;3;45873;30;0.0
2020-11-28 23:00:00+00:00;62.0;26.88;9447;3;45771;26;0.0
2020-11-29 00:00:00+00:00;69.0;25.06;9453;3;45693;25;0.0
2020-11-29 01:00:00+00:00;69.0;25.06;9457;3;45621;23;0.0
2020-11-29 02:00:00+00:00;70.0;24.62;9462;3;45549;23;0.0
2020-11-29 03:00:00+00:00;73.0;24.52;9461;3;45477;23;0.0
2020-11-29 04:00:00+00:00;70.0;24.64;9455;3;45405;23;0.0
2020-11-29 05:00:00+00:00;73.0;23.84;9450;3;45334;23;0.0
2020-11-29 06:00:00+00:00;72.0;23.4;9446;3;45264;22;0.0
2020-11-29 07:00:00+00:00;74.0;22.78;9447;3;45197;21;0.0
2020-11-29 08:00:00+00:00;77.0;22.2;9452;3;45133;21;0.0
2020-11-29 09:00:00+00:00;76.0;22.4;9459;3;45069;21;0.0
2020-11-29 10:00:00+00:00;72.0;24.06;9462;3;45002;21;0.0
2020-11-29 11:00:00+00:00;62.0;27.88;9462;3;44925;25;0.0
2020-11-29 12:00:00+00:00;55.0;29.6;9461;3;44828;31;0.0
2020-11-29 13:00:00+00:00;49.0;31.84;9463;3;44716;34;0.0
2020-11-29 14:00:00+00:00;44.0;33.24;9459;3;44594;37;0.0
2020-11-29 15:00:00+00:00;42.0;34.14;9453;3;44468;38;0.0
2020-11-29 16:00:00+00:00;35.0;37.14;9442;3;44330;41;0.0
2020-11-29 17:00:00+00:00;31.0;38.66;9432;3;44191;41;0.0
2020-11-29 18:00:00+00:00;34.0;37.22;9420;3;44041;43;0.0
2020-11-29 19:00:00+00:00;42.0;33.18;9417;3;43915;38;0.0
2020-11-29 20:00:00+00:00;61.0;26.62;9420;3;43819;30;0.0
2020-11-29 21:00:00+00:00;75.0;22.14;9438;3;43700;25;0.0
2020-11-29 22:00:00+00:00;78.0;21.22;9433;3;43617;20;0.0
2020-11-29 23:00:00+00:00;77.0;21.36;9436;3;43547;20;0.0
2020-11-30 00:00:00+00:00;81.0;20.68;9449;3;43484;20;0.0
2020-11-30 01:00:00+00:00;82.0;20.36;9452;3;43423;19;0.0
2020-11-30 02:00:00+00:00;79.0;20.76;9446;3;43363;19;0.0
2020-11-30 03:00:00+00:00;78.0;20.92;9438;3;43302;19;0.0
2020-11-30 04:00:00+00:00;80.0;20.68;9432;3;43242;19;0.0
2020-11-30 05:00:00+00:00;80.0;20.68;9426;3;43181;19;0.0
2020-11-30 06:00:00+00:00;81.0;20.44;9429;3;43120;19;0.0
2020-11-30 07:00:00+00:00;80.0;20.52;9437;3;43058;19;0.0
2020-11-30 08:00:00+00:00;80.0;20.58;9435;3;42997;19;0.0
2020-11-30 09:00:00+00:00;79.0;21.62;9436;3;42930;19;0.0
2020-11-30 10:00:00+00:00;75.0;22.88;9437;3;42866;20;0.0
2020-11-30 11:00:00+00:00;60.0;27.58;9444;3;42793;24;0.0
2020-11-30 12:00:00+00:00;58.0;27.04;9448;3;42702;29;0.0
2020-11-30 13:00:00+00:00;68.0;25.36;9467;3;42612;28;0.0
2020-11-30 14:00:00+00:00;79.0;23.5;9467;3;42515;23;0.0
2020-11-30 15:00:00+00:00;75.0;24.46;9462;3;42435;25;0.0
2020-11-30 16:00:00+00:00;65.0;26.52;9459;3;42351;27;0.0
2020-11-30 17:00:00+00:00;56.0;29.14;9451;3;42251;31;0.0
2020-11-30 18:00:00+00:00;60.0;27.48;9444;3;42148;32;0.0
2020-11-30 19:00:00+00:00;50.0;31.14;9433;3;42050;30;0.0
2020-11-30 20:00:00+00:00;48.0;29.1;9430;3;41940;34;0.0
2020-11-30 21:00:00+00:00;55.0;26.86;9434;3;41846;29;0.0
2020-11-30 22:00:00+00:00;70.0;24.28;9437;3;41765;25;0.0
2020-11-30 23:00:00+00:00;77.0;23.28;9436;3;41685;22;0.0
2020-12-01 00:00:00+00:00;84.0;21.68;9439;3;41619;21;0.0
2020-12-01 01:00:00+00:00;83.0;21.86;9444;3;41557;20;0.0
2020-12-01 02:00:00+00:00;84.0;22.0;9444;3;41493;20;0.0
2020-12-01 03:00:00+00:00;85.0;21.9;9440;3;41429;20;0.0
2020-12-01 04:00:00+00:00;88.0;21.28;9431;3;41366;20;0.0
2020-12-01 05:00:00+00:00;82.0;21.94;9426;3;41303;20;0.0
2020-12-01 06:00:00+00:00;91.0;20.64;9426;3;41240;20;0.0
2020-12-01 07:00:00+00:00;87.0;21.42;9426;3;41154;20;0.0
2020-12-01 08:00:00+00:00;88.0;20.86;9429;3;41093;19;0.0
2020-12-01 09:00:00+00:00;86.0;21.18;9434;3;41035;19;0.0
2020-12-01 10:00:00+00:00;80.0;23.56;9440;3;40970;21;0.0
2020-12-01 11:00:00+00:00;80.0;24.34;9444;3;40897;23;0.0
2020-12-01 12:00:00+00:00;64.0;28.6;9447;3;40814;26;0.0
2020-12-01 13:00:00+00:00;55.0;29.62;9449;3;40713;32;0.0
2020-12-01 14:00:00+00:00;55.0;29.34;9451;3;40607;33;0.0
2020-12-01 15:00:00+00:00;57.0;29.2;9446;3;40510;30;0.0
2020-12-01 16:00:00+00:00;55.0;28.72;9443;3;40412;31;0.0
2020-12-01 17:00:00+00:00;84.0;24.78;9435;3;40301;26;0.0
2020-12-01 18:00:00+00:00;74.0;27.28;9426;3;40215;25;0.2
2020-12-01 19:00:00+00:00;57.0;28.66;9417;3;40121;30;0.0
2020-12-01 20:00:00+00:00;50.0;30.86;9409;3;40027;30;0.0
2020-12-01 21:00:00+00:00;53.0;30.02;9411;3;39920;33;0.0
2020-12-01 22:00:00+00:00;65.0;26.56;9416;3;39829;28;0.0
2020-12-01 23:00:00+00:00;71.0;25.2;9419;3;39750;25;0.0
2020-12-02 00:00:00+00:00;75.0;24.02;9418;3;39678;23;0.0
2020-12-02 01:00:00+00:00;76.0;23.6;9430;3;39611;21;0.0
2020-12-02 02:00:00+00:00;81.0;23.18;9433;3;39542;22;0.0
2020-12-02 03:00:00+00:00;81.0;22.7;9425;3;39475;21;0.0
2020-12-02 04:00:00+00:00;80.0;22.92;9415;3;39410;21;0.0
2020-12-02 05:00:00+00:00;86.0;21.94;9421;3;39346;20;0.0
2020-12-02 06:00:00+00:00;85.0;21.12;9419;3;39283;20;0.0
2020-12-02 07:00:00+00:00;83.0;21.42;9418;3;39223;19;0.0
2020-12-02 08:00:00+00:00;87.0;21.04;9423;3;39162;19;0.0
2020-12-02 09:00:00+00:00;89.0;20.88;9426;3;39103;19;0.0
2020-12-02 10:00:00+00:00;77.0;24.5;9431;3;39039;21;0.0
2020-12-02 11:00:00+00:00;73.0;25.38;9439;3;38961;25;0.0
2020-12-02 12:00:00+00:00;62.0;28.72;9441;3;38871;29;0.0
2020-12-02 13:00:00+00:00;57.0;30.22;9440;3;38765;33;0.0
2020-12-02 14:00:00+00:00;53.0;30.94;9436;3;38649;36;0.0
2020-12-02 15:00:00+00:00;53.0;30.98;9432;3;38525;37;0.0
2020-12-02 16:00:00+00:00;51.0;32.02;9423;3;38405;36;0.0
2020-12-02 17:00:00+00:00;51.0;31.64;9412;3;38284;37;0.0
2020-12-02 18:00:00+00:00;47.0;32.24;9395;3;38157;38;0.0
2020-12-02 19:00:00+00:00;56.0;29.78;9380;3;38053;32;0.0
2020-12-02 20:00:00+00:00;55.0;30.22;9373;3;37957;30;0.0
2020-12-02 21:00:00+00:00;55.0;29.86;9382;3;37856;32;0.0
2020-12-02 22:00:00+00:00;58.0;28.3;9389;3;37765;29;0.0
2020-12-02 23:00:00+00:00;83.0;23.02;9400;3;37659;24;1.2
2020-12-03 00:00:00+00:00;82.0;21.92;9402;3;37592;21;0.0
2020-12-03 01:00:00+00:00;84.0;22.2;9400;3;37529;20;0.0
2020-12-03 02:00:00+00:00;82.0;22.82;9404;3;37464;21;0.0
2020-12-03 03:00:00+00:00;82.0;23.0;9410;3;37398;21;0.0
2020-12-03 04:00:00+00:00;80.0;23.38;9400;3;37330;21;0.0
2020-12-03 05:00:00+00:00;82.0;23.18;9392;3;37262;22;0.0
2020-12-03 06:00:00+00:00;80.0;23.5;9388;3;37194;22;0.0
2020-12-03 07:00:00+00:00;82.0;23.36;9390;3;37125;22;0.0
2020-12-03 08:00:00+00:00;80.0;20.46;9401;3;37055;21;0.0
2020-12-03 09:00:00+00:00;83.0;19.9;9407;3;36995;19;0.0
2020-12-03 10:00:00+00:00;83.0;20.38;9410;3;36934;19;0.0
2020-12-03 11:00:00+00:00;82.0;20.98;9426;3;36870;20;0.0
2020-12-03 12:00:00+00:00;80.0;20.88;9430;3;36805;20;0.0
2020-12-03 13:00:00+00:00;85.0;19.8;9431;3;36733;19;0.4
2020-12-03 14:00:00+00:00;94.0;18.62;9442;3;36334;18;15.2
2020-12-03 15:00:00+00:00;91.0;19.28;9444;3;35843;18;8.2
2020-12-03 16:00:00+00:00;94.0;18.9;9440;3;35492;18;6.8
2020-12-03 17:00:00+00:00;90.0;19.7;9420;3;35355;18;1.6
2020-12-03 18:00:00+00:00;83.0;21.42;9413;3;35287;20;0.2
2020-12-03 19:00:00+00:00;86.0;20.88;9412;3;35217;20;0.0
2020-12-03 20:00:00+00:00;90.0;20.98;9409;3;35132;19;0.6
2020-12-03 21:00:00+00:00;93.0;20.62;9408;3;35068;20;0.0
2020-12-03 22:00:00+00:00;94.0;20.08;9406;3;35007;19;0.0
2020-12-03 23:00:00+00:00;97.0;19.44;9415;3;34948;19;0.0
2020-12-04 00:00:00+00:00;97.0;18.98;9428;3;34889;19;0.0
2020-12-04 01:00:00+00:00;97.0;18.62;9441;3;34833;17;0.0
2020-12-04 02:00:00+00:00;97.0;18.46;9441;3;34778;17;0.0
