Datetime â€“ utc,air_humidity_100,air_temperature_100,atm_pressure_main,num_of_resets,piezo_charge,piezo_temperature
2020-09-30T23:00:00Z,38,31.366,9412,0,45123,30
2020-10-01T00:00:00Z,,,9412,0,45025,31
2020-10-01T01:00:00Z,39,31.366,9419,0,44923,31
2020-10-01T02:00:00Z,39,31.322,9419,0,44825,31
2020-10-01T03:00:00Z,38,31.24,9416,0,44728,31
2020-10-01T04:00:00Z,39,30.828,9411,0,44632,30
2020-10-01T05:00:00Z,,,9411,0,44537,30
2020-10-01T06:00:00Z,39,30.686,9413,0,44441,30
2020-10-01T07:00:00Z,40,30.63,9415,0,44347,30
2020-10-01T08:00:00Z,41,30.588,9419,0,44251,30
2020-10-01T09:00:00Z,41,30.474,9425,0,44156,30
2020-10-01T11:00:00Z,44,30.332,9438,0,43968,30
2020-10-01T12:00:00Z,,,9438,0,43874,30
2020-10-01T13:00:00Z,44,30.474,9437,0,43778,30
2020-10-01T14:00:00Z,44,30.516,9432,0,43682,30
2020-10-01T15:00:00Z,44,30.346,9460,0,43581,30
2020-10-01T16:00:00Z,,,9460,0,43259,30
2020-10-01T18:00:00Z,30,34.502,9473,0,42402,35
2020-10-01T19:38:34.924000Z,20,39.018,9378,0,42084,38
2020-10-01T20:00:00Z,22,37.91,9379,0,42033,39
2020-10-01T21:00:00Z,,,9379,0,41914,37
2020-10-01T22:00:00Z,32,30.884,9389,0,41799,31
2020-10-01T23:00:00Z,34,30.276,9394,0,41708,28
2020-10-02T00:00:00Z,39,28.49,9394,0,41621,27
2020-10-02T01:00:00Z,39,27.98,9401,0,41539,26
2020-10-02T03:00:00Z,57,22.626,9400,0,41395,22
2020-10-02T04:00:00Z,62,22.922,9396,0,41330,21
2020-10-02T05:00:00Z,66,20.67,9398,0,41267,20
2020-10-02T06:00:00Z,61,22.116,9397,0,41204,20
2020-10-02T07:00:00Z,70,20.358,9398,0,41142,20
2020-10-02T08:00:00Z,,,9398,0,41083,19
2020-10-02T09:00:00Z,69,19.862,9407,0,41023,19
2020-10-02T10:00:00Z,62,22.356,9414,0,40964,18
2020-10-02T11:00:00Z,39,30.108,9422,0,40891,24
2020-10-02T12:00:00Z,28,34.518,9425,0,40789,32
2020-10-02T14:00:00Z,23,37.684,9422,0,40533,40
2020-10-02T15:00:00Z,19,40.396,9415,0,40391,42
2020-10-02T16:00:00Z,17,42.156,9408,0,40235,45
2020-10-02T17:00:00Z,16,42.52,9399,0,40075,46
2020-10-02T18:00:00Z,16,41.984,9393,0,39915,45
2020-10-02T19:00:00Z,18,39.868,9387,0,39760,44
2020-10-02T20:00:00Z,18,39.968,9387,0,39622,41
2020-10-02T21:00:00Z,23,35.74,9391,0,39495,38
2020-10-02T22:00:00Z,29,31.566,9395,0,39392,32
2020-10-02T23:00:00Z,31,30.134,9403,0,39302,28
2020-10-03T00:00:00Z,33,29.48,9408,0,39217,27
2020-10-03T01:00:00Z,44,25.386,9412,0,39137,25
2020-10-03T02:00:00Z,53,23.774,9414,0,39064,23
2020-10-03T03:00:00Z,46,25.132,9413,0,38994,22
2020-10-03T04:00:00Z,62,21.872,9412,0,38925,22
2020-10-03T05:00:00Z,59,22.172,9412,0,38861,21
2020-10-03T06:00:00Z,67,21.066,9409,0,38797,21
2020-10-03T07:00:00Z,69,20.302,9411,0,38735,20
2020-10-03T08:00:00Z,58,22.612,9415,0,38672,20
2020-10-03T09:00:00Z,67,20.512,9424,0,38610,20
2020-10-03T10:00:00Z,64,22.368,9428,0,38550,19
2020-10-03T11:00:00Z,47,28.634,9436,0,38479,23
2020-10-03T12:00:00Z,29,33.51,9438,0,38381,31
2020-10-03T13:00:00Z,25,37.37,9437,0,38261,36
2020-10-03T14:00:00Z,22,40.452,9432,0,38119,42
2020-10-03T15:00:00Z,21,40.664,9426,0,37967,44
2020-10-03T16:00:00Z,17,41.7,9417,0,37808,45
2020-10-03T17:00:00Z,14,42.506,9405,0,37655,44
2020-10-03T18:00:00Z,13,42.65,9398,0,37499,45
2020-10-03T19:00:00Z,15,40.848,9390,0,37352,42
2020-10-03T20:00:00Z,17,38.804,9389,0,37213,41
2020-10-03T21:00:00Z,23,35.312,9393,0,37088,38
2020-10-03T22:00:00Z,31,30.176,9403,0,36986,31
2020-10-03T23:00:00Z,31,29.766,9409,0,36897,28
2020-10-04T00:00:00Z,58,27.88,9426,0,36807,28
2020-10-04T01:00:00Z,59,26.024,9434,0,36722,26
2020-10-04T02:00:00Z,64,23.59,9446,0,36644,24
2020-10-04T03:00:00Z,66,21.928,9445,0,36576,21
2020-10-04T04:00:00Z,70,20.868,9443,0,36511,20
2020-10-04T05:00:00Z,72,20.174,9442,0,36450,19
2020-10-04T06:00:00Z,74,19.62,9439,0,36392,18
2020-10-04T07:00:00Z,75,19.168,9440,0,36335,18
2020-10-04T08:00:00Z,77,18.502,9442,0,36280,17
2020-10-04T09:00:00Z,77,18.292,9449,0,36226,17
2020-10-04T10:00:00Z,72,19.452,9453,0,36172,17
2020-10-04T11:00:00Z,64,21.56,9460,0,36109,20
2020-10-04T12:00:00Z,54,24.79,9461,0,36035,24
2020-10-04T13:00:00Z,49,26.804,9457,0,35945,28
2020-10-04T14:00:00Z,43,29.438,9456,0,35840,33
2020-10-04T15:00:00Z,38,32.29,9449,0,35722,36
2020-10-04T16:00:00Z,36,33.282,9439,0,35593,39
2020-10-04T17:00:00Z,34,34.786,9431,0,35457,40
2020-10-04T18:00:00Z,33,35.354,9422,0,35321,40
2020-10-04T19:00:00Z,33,35.51,9417,0,35187,40
2020-10-04T20:00:00Z,35,34.7,9416,0,35061,38
2020-10-04T21:00:00Z,43,31.408,9418,0,34949,34
2020-10-04T22:00:00Z,53,28.222,9420,0,34858,29
2020-10-04T23:00:00Z,60,26.38,9426,0,34776,26
2020-10-05T00:00:00Z,63,24.89,9429,0,34701,24
2020-10-05T01:00:00Z,66,23.688,9434,0,34630,23
2020-10-05T02:00:00Z,69,22.582,9435,0,34562,22
2020-10-05T03:00:00Z,72,21.532,9432,0,34498,20
2020-10-05T04:00:00Z,74,20.658,9430,0,34436,19
2020-10-05T05:00:00Z,75,20.048,9430,0,34377,19
2020-10-05T06:00:00Z,77,19.508,9428,0,34320,18
2020-10-05T07:00:00Z,77,19.24,9428,0,34263,18
2020-10-05T08:00:00Z,80,18.732,9429,0,34208,17
2020-10-05T09:00:00Z,78,18.788,9436,0,34154,17
2020-10-05T10:00:00Z,76,19.976,9442,0,34100,17
2020-10-05T11:00:00Z,60,23.912,9449,0,34036,20
2020-10-05T12:00:00Z,54,26.224,9452,0,33956,25
2020-10-05T13:00:00Z,46,29.822,9450,0,33857,31
2020-10-05T14:00:00Z,38,33.99,9446,0,33737,37
2020-10-05T15:00:00Z,34,35.838,9439,0,33601,40
2020-10-05T16:00:00Z,30,37.71,9431,0,33460,41
2020-10-05T17:00:00Z,29,38.094,9421,0,33315,42
2020-10-05T18:00:00Z,26,39.728,9412,0,33171,42
2020-10-05T19:00:00Z,28,37.286,9408,0,33033,40
2020-10-05T20:00:00Z,30,36.874,9406,0,32906,38
2020-10-05T21:00:00Z,39,32.556,9408,0,32792,35
2020-10-05T22:00:00Z,47,27.824,9413,0,32700,29
2020-10-05T23:00:00Z,54,26.42,9417,0,32621,25
2020-10-06T00:00:00Z,61,25.26,9420,0,32545,24
2020-10-06T01:00:00Z,65,24.156,9421,0,32473,23
2020-10-06T02:00:00Z,69,23.046,9422,0,32404,22
2020-10-06T03:00:00Z,68,23.106,9417,0,32337,21
2020-10-06T04:00:00Z,68,22.948,9414,0,32272,21
2020-10-06T05:00:00Z,72,21.944,9412,0,32207,21
2020-10-06T06:00:00Z,78,20.67,9407,0,32146,19
2020-10-06T07:00:00Z,83,19.664,9409,0,32086,19
2020-10-06T08:00:00Z,85,19.324,9414,0,32030,17
2020-10-06T09:00:00Z,83,19.96,9422,0,31975,17
2020-10-06T10:00:00Z,80,21.418,9425,0,31917,18
2020-10-06T11:00:00Z,61,27.044,9431,0,31846,22
2020-10-06T12:00:00Z,43,32.602,9436,0,31750,31
2020-10-06T13:00:00Z,36,36.262,9438,0,31631,37
2020-10-06T14:00:00Z,30,37.742,9435,0,31490,41
2020-10-06T15:00:00Z,27,39.358,9427,0,31337,44
2020-10-06T16:00:00Z,21,41.956,9417,0,31173,46
2020-10-06T17:00:00Z,20,42.664,9408,0,31008,47
2020-10-06T18:00:00Z,19,41.644,9398,0,30843,46
2020-10-06T19:00:00Z,20,40.38,9393,0,30691,43
2020-10-06T20:00:00Z,19,40.38,9392,0,30546,42
2020-10-06T21:00:00Z,28,35.878,9393,0,30415,39
2020-10-06T22:00:00Z,32,31.82,9397,0,30311,32
2020-10-06T23:00:00Z,43,28.9,9404,0,30220,28
2020-10-07T00:00:00Z,50,27.614,9409,0,30138,26
2020-10-07T01:00:00Z,58,25.288,9412,0,30061,25
2020-10-07T02:00:00Z,55,25.642,9414,0,29986,24
2020-10-07T03:00:00Z,57,24.962,9413,0,29914,23
2020-10-07T04:00:00Z,50,26.152,9411,0,29843,23
2020-10-07T05:00:00Z,58,24.086,9409,0,29771,23
2020-10-07T06:00:00Z,60,24.126,9406,0,29697,23
2020-10-07T07:00:00Z,59,24.352,9407,0,29626,23
2020-10-07T08:00:00Z,57,24.75,9409,0,29555,23
2020-10-07T09:00:00Z,66,22.626,9419,0,29485,22
2020-10-07T10:00:00Z,80,22.368,9432,0,29402,21
2020-10-07T11:00:00Z,64,25.742,9430,0,29334,22
2020-10-07T12:00:00Z,56,27.992,9433,0,29255,25
2020-10-07T13:00:00Z,36,33.908,9438,0,29162,29
2020-10-07T14:00:00Z,29,36.762,9439,0,29035,38
2020-10-07T15:00:00Z,22,39.67,9435,0,28890,43
2020-10-07T16:00:00Z,21,41.134,9424,0,28729,46
2020-10-07T17:00:00Z,20,42.124,9414,0,28566,46
2020-10-07T18:00:00Z,22,40.396,9405,0,28408,45
2020-10-07T19:00:00Z,23,40.634,9398,0,28260,43
2020-10-07T20:00:00Z,24,38.406,9397,0,28121,41
2020-10-07T21:00:00Z,30,35.172,9401,0,27998,37
2020-10-07T22:00:00Z,41,29.792,9406,0,27896,31
2020-10-07T23:00:00Z,40,30.134,9413,0,27809,28
2020-10-08T00:00:00Z,46,28.304,9421,0,27721,28
2020-10-08T01:00:00Z,56,26.28,9444,0,27640,26
2020-10-08T02:00:00Z,81,22.794,9467,0,27546,24
2020-10-08T03:00:00Z,84,22.014,9446,0,27472,22
2020-10-08T04:00:00Z,85,21.066,9442,0,27407,21
2020-10-08T05:00:00Z,85,20.658,9441,0,27347,19
2020-10-08T06:00:00Z,86,20.526,9433,0,27287,19
2020-10-08T07:00:00Z,83,20.74,9425,0,27228,19
2020-10-08T08:00:00Z,84,20.414,9423,0,27168,19
2020-10-08T09:00:00Z,88,19.776,9421,0,27110,18
2020-10-08T10:00:00Z,82,21.362,9426,0,27053,18
2020-10-08T11:00:00Z,62,25.742,9429,0,26984,22
2020-10-08T12:00:00Z,48,29.766,9432,0,26897,28
2020-10-08T13:00:00Z,43,31.084,9430,0,26793,32
2020-10-08T14:00:00Z,36,35.14,9437,0,26681,34
2020-10-08T15:00:00Z,29,38.664,9429,0,26544,41
2020-10-08T16:00:00Z,35,35.27,9424,0,26409,40
2020-10-08T17:00:00Z,40,34.02,9414,0,26284,38
2020-10-08T18:00:00Z,43,32.104,9404,0,26162,37
2020-10-08T19:00:00Z,49,31.098,9401,0,26052,34
2020-10-08T20:00:00Z,54,29.51,9402,0,25950,31
2020-10-08T21:00:00Z,57,28.248,9405,0,25858,28
2020-10-08T22:00:00Z,60,26.208,9408,0,25777,26
2020-10-08T23:00:00Z,61,25.542,9412,0,25701,24
2020-10-09T00:00:00Z,65,24.678,9417,0,25628,24
2020-10-09T01:00:00Z,68,23.83,9418,0,25557,23
2020-10-09T02:00:00Z,72,23.08,9420,0,25488,22
2020-10-09T03:00:00Z,74,22.524,9417,0,25421,21
2020-10-09T04:00:00Z,74,22.356,9413,0,25355,21
2020-10-09T05:00:00Z,76,21.734,9409,0,25290,21
2020-10-09T06:00:00Z,77,21.56,9402,0,25227,20
2020-10-09T07:00:00Z,79,21.036,9394,0,25165,20
2020-10-09T08:00:00Z,80,21.094,9391,0,25104,20
2020-10-09T09:00:00Z,82,20.966,9387,0,25043,20
2020-10-09T10:00:00Z,89,20.628,9394,0,24975,20
2020-10-09T11:00:00Z,93,19.946,9417,0,24835,19
2020-10-09T12:00:00Z,89,21.802,9408,0,24677,19
2020-10-09T13:00:00Z,88,21.97,9417,0,24607,22
2020-10-09T14:00:00Z,69,26.024,9416,0,24524,26
2020-10-09T15:00:00Z,61,28.166,9412,0,24422,32
2020-10-09T16:00:00Z,55,29.568,9404,0,24314,33
2020-10-09T17:00:00Z,54,30.302,9404,0,24200,35
2020-10-09T18:00:00Z,60,27.072,9404,0,24098,31
2020-10-09T19:00:00Z,57,25.36,9406,0,24009,28
2020-10-09T20:00:00Z,58,24.422,9418,0,23930,25
2020-10-09T21:00:00Z,58,22.878,9425,0,23854,24
2020-10-09T22:00:00Z,64,21.56,9428,0,23787,21
2020-10-09T23:00:00Z,70,20.512,9435,0,23727,19
2020-10-10T00:00:00Z,75,19.126,9438,0,23668,18
2020-10-10T01:00:00Z,79,18.024,9434,0,23616,16
2020-10-10T02:00:00Z,90,16.226,9440,0,23565,15
2020-10-10T03:00:00Z,92,15.716,9437,0,23517,14
2020-10-10T04:00:00Z,90,16.27,9433,0,23470,14
2020-10-10T05:00:00Z,81,16.72,9430,0,23422,15
2020-10-10T06:00:00Z,85,15.392,9434,0,23376,13
2020-10-10T07:00:00Z,89,14.146,9433,0,23331,13
2020-10-10T08:00:00Z,91,13.58,9441,0,23288,12
2020-10-10T09:00:00Z,92,13.894,9449,0,23246,12
2020-10-10T10:00:00Z,84,16.31,9457,0,23201,13
2020-10-10T11:00:00Z,62,21.516,9458,0,23148,17
2020-10-10T12:00:00Z,47,23.674,9460,0,23074,24
2020-10-10T13:00:00Z,33,25.472,9459,0,22984,29
2020-10-10T14:00:00Z,20,27.538,9456,0,22881,32
2020-10-10T15:00:00Z,19,29.312,9451,0,22765,35
2020-10-10T16:00:00Z,18,30.22,9441,0,22640,38
2020-10-10T17:00:00Z,16,31.168,9432,0,22512,38
2020-10-10T18:00:00Z,15,32.474,9425,0,22383,38
2020-10-10T19:00:00Z,18,30.588,9418,0,22260,37
2020-10-10T20:00:00Z,20,30.108,9417,0,22148,34
2020-10-10T21:00:00Z,24,26.748,9422,0,22052,30
2020-10-10T22:00:00Z,34,21.036,9425,0,21980,23
2020-10-10T23:00:00Z,46,18.178,9428,0,21924,17
2020-10-11T00:00:00Z,47,17.768,9428,0,21872,16
2020-10-11T01:00:00Z,49,17.738,9432,0,21823,15
2020-10-11T02:00:00Z,59,16.154,9430,0,21775,14
2020-10-11T03:00:00Z,65,15.688,9432,0,21729,14
2020-10-11T04:00:00Z,70,15.308,9433,0,21683,13
2020-10-11T05:00:00Z,68,16.664,9435,0,21636,14
2020-10-11T06:00:00Z,58,17.458,9436,0,21586,15
2020-10-11T07:00:00Z,58,17.13,9441,0,21536,15
2020-10-11T08:00:00Z,63,16.098,9448,0,21487,14
2020-10-11T09:00:00Z,70,15.902,9455,0,21441,14
2020-10-11T10:00:00Z,64,16.78,9468,0,21394,14
2020-10-11T11:00:00Z,57,20.358,9473,0,21339,17
2020-10-11T12:00:00Z,48,22.754,9476,0,21270,22
2020-10-11T13:00:00Z,42,25.26,9473,0,21184,27
2020-10-11T14:00:00Z,36,26.916,9470,0,21085,31
2020-10-11T15:00:00Z,30,29.792,9467,0,20972,35
2020-10-11T16:00:00Z,26,33.098,9460,0,20843,39
2020-10-11T17:00:00Z,25,33.012,9450,0,20710,39
2020-10-11T18:00:00Z,24,33.638,9441,0,20574,40
2020-10-11T19:00:00Z,27,32.444,9436,0,20447,38
2020-10-11T20:00:00Z,28,30.756,9435,0,20332,35
2020-10-11T21:00:00Z,31,28.136,9436,0,20234,30
2020-10-11T22:00:00Z,41,23.558,9444,0,20157,25
2020-10-11T23:00:00Z,40,24.054,9446,0,20091,21
2020-10-12T00:00:00Z,48,22.172,9449,0,20027,20
2020-10-12T01:00:00Z,60,19.424,9454,0,19966,19
2020-10-12T02:00:00Z,64,19.168,9456,0,19910,17
2020-10-12T03:00:00Z,56,20.4,9454,0,19854,17
2020-10-12T04:00:00Z,59,19.396,9453,0,19798,18
2020-10-12T05:00:00Z,68,17.514,9450,0,19744,17
2020-10-12T06:00:00Z,64,18.69,9452,0,19692,16
2020-10-12T07:00:00Z,68,18.364,9456,0,19641,16
2020-10-12T08:00:00Z,71,17.712,9459,0,19591,15
2020-10-12T09:00:00Z,72,17.386,9465,0,19541,15
2020-10-12T10:00:00Z,63,20.16,9475,0,19489,16
2020-10-12T11:00:00Z,55,23.178,9477,0,19426,20
2020-10-12T12:00:00Z,50,24.61,9477,0,19348,25
2020-10-12T13:00:00Z,43,27.64,9476,0,19254,30
2020-10-12T14:00:00Z,35,31.934,9473,0,19139,35
2020-10-12T15:00:00Z,26,34.546,9469,0,19006,40
2020-10-12T16:00:00Z,23,35.864,9458,0,18873,40
2020-10-12T17:00:00Z,22,36.322,9445,0,18732,41
2020-10-12T18:00:00Z,22,36.234,9433,0,18590,41
2020-10-12T19:00:00Z,24,35.328,9426,0,18460,39
2020-10-12T20:00:00Z,27,33.51,9425,0,18339,36
2020-10-12T21:00:00Z,32,30.714,9429,0,18233,33
2020-10-12T22:00:00Z,42,26.264,9429,0,18147,27
2020-10-12T23:00:00Z,50,23.688,9437,0,18075,23
2020-10-13T00:00:00Z,56,22.612,9441,0,18009,21
2020-10-13T01:00:00Z,63,21.022,9443,0,17945,20
2020-10-13T02:00:00Z,62,21.25,9440,0,17885,19
2020-10-13T03:00:00Z,69,19.154,9440,0,17826,18
2020-10-13T04:00:00Z,67,19.734,9436,0,17769,18
2020-10-13T05:00:00Z,73,18.39,9433,0,17714,17
2020-10-13T06:00:00Z,68,19.098,9428,0,17660,17
2020-10-13T07:00:00Z,69,18.718,9429,0,17605,17
2020-10-13T08:00:00Z,74,17.372,9432,0,17552,17
2020-10-13T09:00:00Z,71,18.15,9436,0,17501,15
2020-10-13T10:00:00Z,67,21.094,9442,0,17448,16
2020-10-13T11:00:00Z,45,26.93,9448,0,17381,21
2020-10-13T12:00:00Z,36,29.694,9452,0,17291,28
2020-10-13T13:00:00Z,32,30.332,9453,0,17186,32
2020-10-13T14:00:00Z,30,33.21,9449,0,17078,33
2020-10-13T15:00:00Z,28,34.818,9441,0,16950,39
2020-10-13T16:00:00Z,33,32.4,9433,1,65531,35
2020-10-13T17:00:00Z,30,34.5,9426,1,65431,33
2020-10-13T18:00:00Z,33,32.62,9419,1,65322,34
2020-10-13T19:00:00Z,34,32.46,9416,1,65214,33
2020-10-13T20:00:00Z,38,30.6,9416,1,65112,32
2020-10-13T21:00:00Z,46,27.58,9416,1,65021,29
2020-10-13T22:00:00Z,53,25.58,9420,1,64941,25
2020-10-13T23:00:00Z,53,25.28,9425,1,64867,24
2020-10-14T00:00:00Z,57,24.4,9429,1,64796,23
2020-10-14T01:00:00Z,61,23.42,9431,1,64726,22
2020-10-14T02:00:00Z,68,21.78,9428,1,64661,21
2020-10-14T03:00:00Z,73,20.56,9424,1,64599,20
2020-10-14T04:00:00Z,81,18.54,9422,1,64541,18
2020-10-14T05:00:00Z,85,18.62,9418,1,64486,17
2020-10-14T06:00:00Z,86,18.68,9410,1,64432,17
2020-10-14T07:00:00Z,87,18.02,9409,1,64380,16
2020-10-14T08:00:00Z,87,17.86,9414,1,64328,16
2020-10-14T09:00:00Z,84,18.16,9418,1,64276,16
2020-10-14T10:00:00Z,74,21.92,9429,1,64224,16
2020-10-14T11:00:00Z,58,26.84,9439,1,64154,22
2020-10-14T12:00:00Z,32,33.58,9440,1,64060,30
2020-10-14T13:00:00Z,30,34.76,9441,1,63940,36
2020-10-14T14:00:00Z,29,36.66,9434,1,63814,38
2020-10-14T15:00:00Z,26,37.12,9425,1,63676,41
2020-10-14T16:00:00Z,24,38.16,9413,1,63532,42
2020-10-14T17:00:00Z,24,39.38,9405,1,63382,43
2020-10-14T18:00:00Z,25,38.92,9397,1,63235,43
2020-10-14T19:00:00Z,28,36.46,9396,1,63103,39
2020-10-14T20:00:00Z,32,34.16,9390,1,62985,36
2020-10-14T21:00:00Z,40,31.68,9395,1,62880,33
2020-10-14T22:00:00Z,50,27.34,9403,1,62790,28
2020-10-14T23:00:00Z,62,24.46,9420,1,62700,25
2020-10-15T00:00:00Z,63,23.58,9434,1,62613,23
2020-10-15T01:00:00Z,75,21.4,9469,1,62505,21
2020-10-15T02:00:00Z,92,18.42,9487,1,61916,18
2020-10-15T03:00:00Z,92,18.46,9470,1,61671,17
2020-10-15T04:00:00Z,91,18.42,9453,1,61610,17
2020-10-15T05:00:00Z,91,18.26,9445,1,61550,17
2020-10-15T06:00:00Z,91,18.28,9452,1,61478,17
2020-10-15T07:00:00Z,92,18.22,9444,1,61423,17
2020-10-15T08:00:00Z,97,17.88,9458,1,61369,17
2020-10-15T09:00:00Z,97,17.5,9464,1,61315,17
2020-10-15T10:00:00Z,96,18.06,9464,1,61262,17
2020-10-15T11:00:00Z,87,19.7,9465,1,61206,18
2020-10-15T12:00:00Z,88,19.8,9483,1,61147,19
2020-10-15T13:00:00Z,86,20.96,9481,1,61082,20
2020-10-15T14:00:00Z,83,21.84,9482,1,61015,21
2020-10-15T15:00:00Z,87,20.62,9480,1,60939,21
2020-10-15T16:00:00Z,78,22.84,9474,1,60867,23
2020-10-15T17:00:00Z,76,23.16,9468,1,60793,23
2020-10-15T18:00:00Z,79,21.66,9471,1,60721,23
2020-10-15T19:00:00Z,82,21.28,9468,1,60654,21
2020-10-15T20:00:00Z,82,21.22,9465,1,60589,21
2020-10-15T21:00:00Z,84,20.92,9467,1,60525,20
2020-10-15T22:00:00Z,86,20.32,9468,1,60464,19
2020-10-15T23:00:00Z,92,19.44,9472,1,60406,18
2020-10-16T00:00:00Z,93,19.44,9477,1,60349,18
2020-10-16T01:00:00Z,93,19.02,9483,1,60293,18
2020-10-16T02:00:00Z,93,19.2,9485,1,60238,17
2020-10-16T03:00:00Z,95,18.42,9484,1,60182,17
2020-10-16T04:00:00Z,96,18.12,9480,1,60128,17
2020-10-16T05:00:00Z,96,17.54,9477,1,60075,17
2020-10-16T06:00:00Z,94,18.26,9473,1,60022,17
2020-10-16T07:00:00Z,92,18.72,9476,1,59968,17
2020-10-16T08:00:00Z,90,18.98,9481,1,59913,18
2020-10-16T09:00:00Z,90,18.72,9487,1,59857,18
2020-10-16T10:00:00Z,86,19.42,9492,1,59802,17
2020-10-16T11:00:00Z,79,20.32,9499,1,59740,19
2020-10-16T12:00:00Z,71,21.8,9501,1,59672,22
2020-10-16T13:00:00Z,73,21.06,9506,1,59601,22
2020-10-16T14:00:00Z,66,22.66,9507,1,59528,23
2020-10-16T15:00:00Z,57,25.34,9501,1,59442,27
2020-10-16T16:00:00Z,52,27.22,9492,1,59338,32
2020-10-16T17:00:00Z,46,29.24,9483,1,59221,36
2020-10-16T18:00:00Z,47,29.08,9475,1,59106,35
2020-10-16T19:00:00Z,51,26.76,9471,1,59003,32
2020-10-16T20:00:00Z,56,25.1,9471,1,58917,27
2020-10-16T21:00:00Z,58,24.34,9473,1,58841,24
2020-10-16T22:00:00Z,63,22.66,9474,1,58770,23
2020-10-16T23:00:00Z,64,21.86,9478,1,58706,20
2020-10-17T00:00:00Z,66,21.06,9479,1,58641,20
2020-10-17T01:00:00Z,65,20.8,9482,1,58582,19
2020-10-17T02:00:00Z,67,20.34,9485,1,58523,19
2020-10-17T03:00:00Z,69,19.6,9484,1,58465,18
2020-10-17T04:00:00Z,72,18.38,9480,1,58410,17
2020-10-17T05:00:00Z,76,17.42,9477,1,58357,16
2020-10-17T06:00:00Z,77,16.12,9472,1,58308,15
2020-10-17T07:00:00Z,77,15.36,9470,1,58261,14
2020-10-17T08:00:00Z,79,14.64,9476,1,58216,13
2020-10-17T09:00:00Z,81,14.06,9480,1,58173,12
2020-10-17T10:00:00Z,69,16.88,9488,1,58129,12
2020-10-17T11:00:00Z,58,18.68,9492,1,58074,17
2020-10-17T12:00:00Z,53,20.92,9495,1,58006,21
2020-10-17T13:00:00Z,46,23.46,9492,1,57925,26
2020-10-17T14:00:00Z,40,26.1,9488,1,57828,30
2020-10-17T15:00:00Z,38,27.88,9480,1,57718,34
2020-10-17T16:00:00Z,38,27.86,9471,1,57601,36
2020-10-17T17:00:00Z,35,29.48,9461,1,57496,32
2020-10-17T18:00:00Z,37,28.84,9451,1,57377,36
2020-10-17T19:00:00Z,36,29.42,9441,1,57270,33
2020-10-17T20:00:00Z,39,28.08,9441,1,57167,32
2020-10-17T21:00:00Z,45,25.18,9442,1,57077,29
2020-10-17T22:00:00Z,52,23.06,9445,1,57005,22
2020-10-17T23:00:00Z,57,21.56,9446,1,56942,20
2020-10-18T00:00:00Z,61,20.1,9448,1,56882,19
2020-10-18T01:00:00Z,53,21.08,9450,1,56824,18
2020-10-18T02:00:00Z,51,21.34,9453,1,56765,19
2020-10-18T03:00:00Z,58,20.34,9453,1,56704,19
2020-10-18T04:00:00Z,62,19.46,9450,1,56646,18
2020-10-18T05:00:00Z,65,18.32,9447,1,56591,17
2020-10-18T06:00:00Z,70,17.14,9442,1,56539,16
2020-10-18T07:00:00Z,72,16.5,9441,1,56488,15
2020-10-18T08:00:00Z,72,15.84,9444,1,56439,15
2020-10-18T09:00:00Z,73,15.46,9448,1,56392,14
2020-10-18T10:00:00Z,70,16.14,9448,1,56344,14
2020-10-18T11:00:00Z,58,19.62,9452,1,56291,16
2020-10-18T12:00:00Z,49,22.9,9455,1,56220,22
2020-10-18T13:00:00Z,42,25.08,9451,1,56135,27
2020-10-18T14:00:00Z,36,28.22,9447,1,56034,32
2020-10-18T15:00:00Z,30,30.04,9442,1,55919,35
2020-10-18T16:00:00Z,29,32.18,9435,1,55800,36
2020-10-18T17:00:00Z,33,30.52,9426,1,55678,37
2020-10-18T18:00:00Z,35,30.16,9420,1,55561,35
2020-10-18T19:00:00Z,35,30.4,9413,1,55457,32
2020-10-18T20:00:00Z,34,29.98,9410,1,55352,32
2020-10-18T21:00:00Z,41,27.44,9411,1,55256,30
2020-10-18T22:00:00Z,57,23.14,9416,1,55181,24
2020-10-18T23:00:00Z,61,21.82,9420,1,55116,21
2020-10-19T00:00:00Z,62,21.46,9425,1,55054,20
2020-10-19T01:00:00Z,66,20.58,9427,1,54993,19
2020-10-19T02:00:00Z,64,21.18,9429,1,54934,19
2020-10-19T03:00:00Z,67,20.82,9426,1,54875,19
2020-10-19T04:00:00Z,71,20.56,9420,1,54816,19
2020-10-19T05:00:00Z,74,19.76,9416,1,54758,18
2020-10-19T06:00:00Z,77,19.14,9416,1,54703,17
2020-10-19T07:00:00Z,79,18.6,9419,1,54648,17
2020-10-19T08:00:00Z,82,17.96,9425,1,54595,17
2020-10-19T09:00:00Z,85,17.38,9431,1,54543,16
2020-10-19T10:00:00Z,75,19.98,9435,1,54490,16
2020-10-19T11:00:00Z,62,23.12,9439,1,54425,21
2020-10-19T12:00:00Z,54,25.54,9442,1,54343,26
2020-10-19T13:00:00Z,45,29.16,9438,1,54245,31
2020-10-19T14:00:00Z,44,29.86,9439,1,54131,35
2020-10-19T15:00:00Z,41,31.84,9434,1,54008,37
2020-10-19T16:00:00Z,38,33.48,9427,1,53877,39
2020-10-19T17:00:00Z,34,35.24,9416,1,53738,41
2020-10-19T18:00:00Z,32,35.24,9409,1,53604,40
2020-10-19T19:00:00Z,29,34.2,9400,1,53472,39
2020-10-19T20:00:00Z,30,34.12,9397,1,53353,36
2020-10-19T21:00:00Z,38,29.66,9401,1,53246,33
2020-10-19T22:00:00Z,38,27.24,9409,1,53161,27
2020-10-19T23:00:00Z,55,24.96,9417,1,53085,25
2020-10-20T00:00:00Z,65,23.62,9429,1,53014,23
2020-10-20T01:00:00Z,71,22.76,9438,1,52946,22
2020-10-20T02:00:00Z,78,21.1,9444,1,52882,20
2020-10-20T03:00:00Z,80,21.16,9441,1,52822,19
2020-10-20T04:00:00Z,81,20.88,9440,1,52763,19
2020-10-20T05:00:00Z,78,21,9437,1,52704,19
2020-10-20T06:00:00Z,78,20.66,9434,1,52644,19
2020-10-20T07:00:00Z,81,20.04,9437,1,52586,18
2020-10-20T08:00:00Z,83,19.96,9442,1,52528,18
2020-10-20T09:00:00Z,81,20.34,9448,1,52471,18
2020-10-20T10:00:00Z,75,22.78,9456,1,52412,19
2020-10-20T11:00:00Z,66,25.14,9463,1,52340,23
2020-10-20T12:00:00Z,62,26.48,9467,1,52254,27
2020-10-20T13:00:00Z,54,28.7,9466,1,52154,32
2020-10-20T14:00:00Z,47,30.54,9463,1,52042,34
2020-10-20T15:00:00Z,38,33.32,9457,1,51914,38
2020-10-20T16:00:00Z,35,34.32,9449,1,51776,41
2020-10-20T17:00:00Z,33,34.6,9438,1,51640,40
2020-10-20T18:00:00Z,31,35.44,9427,1,51493,43
2020-10-20T19:00:00Z,33,34.12,9419,1,51351,41
2020-10-20T20:00:00Z,33,33.32,9418,1,51227,37
2020-10-20T21:00:00Z,38,30.5,9420,1,51118,33
2020-10-20T22:00:00Z,53,26.42,9432,1,51031,28
2020-10-20T23:00:00Z,62,24.66,9439,1,50955,24
2020-10-21T00:00:00Z,65,24.1,9448,1,50884,23
2020-10-21T01:00:00Z,63,24.1,9460,1,50815,22
2020-10-21T02:00:00Z,68,22.82,9454,1,50748,22
2020-10-21T03:00:00Z,71,22.14,9458,1,50684,20
2020-10-21T04:00:00Z,82,20.26,9456,1,50623,20
2020-10-21T05:00:00Z,72,22.34,9454,1,50562,19
2020-10-21T06:00:00Z,79,21.34,9453,1,50500,20
2020-10-21T07:00:00Z,80,21.12,9458,1,50439,19
2020-10-21T08:00:00Z,86,20.44,9462,1,50379,19
2020-10-21T09:00:00Z,88,20.08,9468,1,50320,18
2020-10-21T10:00:00Z,74,23.36,9476,1,50262,18
2020-10-21T11:00:00Z,64,25.82,9477,1,50190,23
2020-10-21T12:00:00Z,52,28.86,9480,1,50097,29
2020-10-21T13:00:00Z,49,30.06,9479,1,49990,33
2020-10-21T14:00:00Z,40,32.62,9475,1,49869,37
2020-10-21T15:00:00Z,35,33.86,9471,1,49731,41
2020-10-21T16:00:00Z,36,33.22,9466,1,49584,43
2020-10-21T17:00:00Z,35,34.22,9457,1,49451,39
2020-10-21T18:00:00Z,30,35.28,9447,1,49310,41
2020-10-21T19:00:00Z,31,34.72,9437,1,49168,41
2020-10-21T20:00:00Z,35,33.66,9433,1,49041,38
2020-10-21T21:00:00Z,38,31.96,9435,1,48929,34
2020-10-21T22:00:00Z,49,26.66,9447,1,48835,29
2020-10-21T23:00:00Z,51,25.34,9454,1,48759,24
2020-10-22T00:00:00Z,52,24.96,9459,1,48688,23
2020-10-22T01:00:00Z,57,24.42,9466,1,48617,23
2020-10-22T02:00:00Z,66,23.5,9473,1,48549,22
2020-10-22T03:00:00Z,68,22.7,9470,1,48482,21
2020-10-22T04:00:00Z,72,21.72,9466,1,48418,20
2020-10-22T05:00:00Z,74,20.8,9467,1,48356,20
2020-10-22T06:00:00Z,73,19.9,9464,1,48297,19
2020-10-22T07:00:00Z,73,18.8,9465,1,48241,18
2020-10-22T08:00:00Z,74,18.22,9471,1,48188,17
2020-10-22T09:00:00Z,75,17.7,9478,1,48136,16
2020-10-22T10:00:00Z,66,20.2,9482,1,48082,17
2020-10-22T11:00:00Z,60,22.3,9486,1,48017,21
2020-10-22T12:00:00Z,52,25.14,9485,1,47938,25
2020-10-22T13:00:00Z,44,27.96,9483,1,47844,29
2020-10-22T14:00:00Z,41,29.12,9478,1,47737,33
2020-10-22T15:00:00Z,34,32.22,9471,1,47617,37
2020-10-22T16:00:00Z,33,32.54,9466,1,47482,40
2020-10-22T17:00:00Z,27,33.54,9456,1,47344,41
2020-10-22T18:00:00Z,26,34.4,9446,1,47205,41
2020-10-22T19:00:00Z,29,32.98,9437,1,47072,39
2020-10-22T20:00:00Z,31,32.6,9434,1,46950,37
2020-10-22T21:00:00Z,32,30.98,9433,1,46842,33
2020-10-22T22:00:00Z,40,26.94,9436,1,46753,28
2020-10-22T23:00:00Z,47,25.3,9443,1,46678,24
2020-10-23T00:00:00Z,48,25.06,9451,1,46608,22
2020-10-23T01:00:00Z,51,23.9,9457,1,46537,22
2020-10-23T02:00:00Z,54,23.56,9465,1,46470,22
2020-10-23T03:00:00Z,58,22.62,9466,1,46403,21
2020-10-23T04:00:00Z,63,21.88,9465,1,46340,20
2020-10-23T05:00:00Z,69,20.72,9459,1,46278,19
2020-10-23T06:00:00Z,73,19.9,9456,1,46220,18
2020-10-23T07:00:00Z,75,19.08,9455,1,46164,18
2020-10-23T08:00:00Z,79,17.9,9462,1,46111,16
2020-10-23T09:00:00Z,79,17.66,9461,1,46060,16
2020-10-23T10:00:00Z,67,20.68,9464,1,46006,17
2020-10-23T11:00:00Z,56,23.8,9464,1,45940,22
2020-10-23T12:00:00Z,49,25.88,9465,1,45857,26
2020-10-23T13:00:00Z,45,27.88,9459,1,45760,31
2020-10-23T14:00:00Z,44,29.26,9452,1,45651,34
2020-10-23T15:00:00Z,39,31.72,9450,1,45533,36
2020-10-23T16:00:00Z,35,33.92,9441,1,45402,39
2020-10-23T17:00:00Z,33,35.2,9427,1,45265,40
2020-10-23T18:00:00Z,33,34.62,9412,1,45125,41
2020-10-23T19:00:00Z,64,25.92,9408,1,45000,33
2020-10-23T20:00:00Z,79,22.96,9420,1,44912,23
2020-10-23T21:00:00Z,82,22.62,9418,1,44785,21
2020-10-23T22:00:00Z,75,22.64,9419,1,44719,21
2020-10-23T23:00:00Z,78,22.12,9420,1,44655,21
2020-10-24T00:00:00Z,82,20.96,9426,1,44593,19
2020-10-24T01:00:00Z,83,21.32,9430,1,44532,19
2020-10-24T02:00:00Z,85,20.54,9427,1,44472,19
2020-10-24T03:00:00Z,86,20.44,9425,1,44413,19
2020-10-24T04:00:00Z,85,20.52,9423,1,44354,19
2020-10-24T05:00:00Z,82,20.72,9426,1,44295,19
2020-10-24T06:00:00Z,84,20.34,9422,1,44235,19
2020-10-24T07:00:00Z,85,20.3,9425,1,44175,19
2020-10-24T08:00:00Z,86,19.9,9427,1,44117,18
2020-10-24T09:00:00Z,89,19.46,9430,1,44060,18
2020-10-24T10:00:00Z,76,22.62,9436,1,44001,19
2020-10-24T11:00:00Z,66,25.56,9439,1,43929,23
2020-10-24T12:00:00Z,61,26.54,9441,1,43842,27
2020-10-24T13:00:00Z,57,27.46,9438,1,43746,30
2020-10-24T14:00:00Z,55,27.82,9433,1,43647,31
2020-10-24T15:00:00Z,48,30.6,9428,1,43543,32
2020-10-24T16:00:00Z,41,33.24,9423,1,43432,34
2020-10-24T17:00:00Z,32,36.62,9407,1,43296,41
2020-10-24T18:00:00Z,33,34.78,9389,1,43155,41
2020-10-24T19:00:00Z,38,32.86,9386,1,43030,37
2020-10-24T20:00:00Z,34,33.12,9386,1,42916,35
2020-10-24T21:00:00Z,65,26.08,9392,1,42822,29
2020-10-24T22:00:00Z,73,23.74,9397,1,42746,24
2020-10-24T23:00:00Z,75,22.94,9405,1,42678,22
2020-10-25T00:00:00Z,77,22.8,9410,1,42611,21
2020-10-25T01:00:00Z,78,22.5,9412,1,42546,21
2020-10-25T02:00:00Z,79,22.42,9413,1,42479,21
2020-10-25T03:00:00Z,80,20.88,9411,1,42416,20
2020-10-25T04:00:00Z,77,21.36,9404,1,42356,19
2020-10-25T05:00:00Z,79,20.84,9401,1,42296,19
2020-10-25T06:00:00Z,79,20.68,9398,1,42237,19
2020-10-25T07:00:00Z,81,20.16,9401,1,42179,18
2020-10-25T08:00:00Z,85,19.44,9407,1,42123,17
2020-10-25T09:00:00Z,89,18.92,9410,1,42070,17
2020-10-25T10:00:00Z,82,21.04,9420,1,42013,18
2020-10-25T11:00:00Z,75,23.78,9422,1,41945,22
2020-10-25T12:00:00Z,65,26.46,9422,1,41860,27
2020-10-25T13:00:00Z,57,28.86,9421,1,41766,30
2020-10-25T14:00:00Z,48,31.58,9421,1,41665,32
2020-10-25T15:00:00Z,46,32.56,9413,1,41550,35
2020-10-25T16:00:00Z,43,32.68,9403,1,41424,38
2020-10-25T17:00:00Z,33,36.64,9389,1,41289,40
2020-10-25T18:00:00Z,29,36.26,9375,1,41158,39
2020-10-25T19:00:00Z,56,26.86,9378,1,41046,34
2020-10-25T20:00:00Z,45,29.72,9375,1,40950,30
2020-10-25T21:00:00Z,46,29.72,9375,1,40852,31
2020-10-25T22:00:00Z,55,25.6,9379,1,40767,27
2020-10-25T23:00:00Z,59,24.46,9385,1,40695,23
2020-10-26T00:00:00Z,61,24.24,9389,1,40626,22
2020-10-26T01:00:00Z,63,24.06,9395,1,40557,22
2020-10-26T02:00:00Z,61,24.44,9393,1,40484,23
2020-10-26T03:00:00Z,62,24.32,9391,1,40414,23
2020-10-26T04:00:00Z,65,23.32,9395,1,40345,22
2020-10-26T05:00:00Z,69,22.48,9388,1,40279,21
2020-10-26T06:00:00Z,72,21.6,9387,1,40215,20
2020-10-26T07:00:00Z,77,20.92,9388,1,40154,20
2020-10-26T08:00:00Z,82,20.06,9390,1,40094,19
2020-10-26T09:00:00Z,84,19.92,9391,1,40036,19
2020-10-26T10:00:00Z,77,21.46,9403,1,39976,19
2020-10-26T11:00:00Z,72,22.1,9409,1,39909,21
2020-10-26T12:00:00Z,67,22.34,9412,1,39839,22
2020-10-26T13:00:00Z,69,22.08,9417,1,39770,22
2020-10-26T14:00:00Z,70,22.3,9430,1,39698,21
2020-10-26T15:00:00Z,92,18.36,9443,1,39578,19
2020-10-26T16:00:00Z,90,19.2,9405,1,39478,18
2020-10-26T17:00:00Z,87,20.3,9393,1,39416,20
2020-10-26T18:00:00Z,77,22.56,9387,1,39348,22
2020-10-26T19:00:00Z,72,23.56,9382,1,39273,24
2020-10-26T20:00:00Z,66,24.84,9379,1,39195,25
2020-10-26T21:00:00Z,76,22.52,9384,1,39117,25
2020-10-26T22:00:00Z,79,21.54,9392,1,39050,21
2020-10-26T23:00:00Z,87,19.54,9398,1,38988,19
2020-10-27T00:00:00Z,92,18.62,9400,1,38933,17
2020-10-27T01:00:00Z,94,17.86,9403,1,38880,17
2020-10-27T02:00:00Z,95,17.84,9404,1,38827,16
2020-10-27T03:00:00Z,96,18.2,9398,1,38774,17
2020-10-27T04:00:00Z,96,18.36,9391,1,38720,17
2020-10-27T05:00:00Z,97,17.82,9384,1,38666,17
2020-10-27T06:00:00Z,98,17.26,9383,1,38614,16
2020-10-27T07:00:00Z,99,16.9,9381,1,38563,16
2020-10-27T08:00:00Z,97,17.16,9386,1,38511,16
2020-10-27T09:00:00Z,96,16.9,9390,1,38460,16
2020-10-27T10:00:00Z,86,19.58,9396,1,38408,16
2020-10-27T11:00:00Z,76,22.2,9399,1,38347,20
2020-10-27T12:00:00Z,59,24.16,9400,1,38272,24
2020-10-27T13:00:00Z,44,26.4,9401,1,38182,29
2020-10-27T14:00:00Z,37,27.92,9395,1,38078,32
2020-10-27T15:00:00Z,32,30.46,9387,1,37966,35
2020-10-27T16:00:00Z,29,30.84,9380,1,37845,37
2020-10-27T17:00:00Z,29,31.46,9369,1,37722,37
2020-10-27T18:00:00Z,27,32.64,9358,1,37600,37
2020-10-27T19:00:00Z,26,31.18,9354,1,37484,35
2020-10-27T20:00:00Z,25,30.7,9350,1,37375,34
2020-10-27T21:00:00Z,29,29.42,9353,1,37276,31
2020-10-27T22:00:00Z,40,23.1,9360,1,37195,26
2020-10-27T23:00:00Z,45,21.04,9367,1,37131,20
2020-10-28T00:00:00Z,51,19.48,9372,1,37077,17
2020-10-28T01:00:00Z,61,17.96,9376,1,37025,16
2020-10-28T02:00:00Z,66,17.18,9379,1,36975,15
2020-10-28T03:00:00Z,69,16.62,9378,1,36927,15
2020-10-28T04:00:00Z,69,15.68,9374,1,36880,14
2020-10-28T05:00:00Z,71,15.18,9372,1,36836,13
2020-10-28T06:00:00Z,73,14.72,9369,1,36793,12
2020-10-28T07:00:00Z,72,15.12,9368,1,36750,12
2020-10-28T08:00:00Z,86,12.36,9372,1,36707,12
2020-10-28T09:00:00Z,85,12.42,9378,1,36667,11
2020-10-28T10:00:00Z,62,18.98,9384,1,36625,12
2020-10-28T11:00:00Z,43,26.4,9394,1,36561,21
2020-10-28T12:00:00Z,32,28.78,9401,1,36471,29
2020-10-28T13:00:00Z,29,30.88,9401,1,36367,33
2020-10-28T14:00:00Z,27,32.22,9397,1,36250,36
2020-10-28T15:00:00Z,24,33.96,9390,1,36118,39
2020-10-28T16:00:00Z,21,35.16,9383,1,35976,42
2020-10-28T17:00:00Z,19,36.54,9377,1,35833,42
2020-10-28T18:00:00Z,19,36.6,9366,1,35690,42
2020-10-28T19:00:00Z,18,35.66,9356,1,35555,40
2020-10-28T20:00:00Z,17,35.2,9356,1,35425,39
2020-10-28T21:00:00Z,22,33.04,9360,1,35309,35
2020-10-28T22:00:00Z,34,25.84,9363,1,35217,29
2020-10-28T23:00:00Z,44,22.84,9368,1,35147,22
2020-10-29T00:00:00Z,43,22.78,9377,1,35084,20
2020-10-29T01:00:00Z,47,20.98,9384,1,35025,19
2020-10-29T02:00:00Z,45,21.5,9388,1,34969,17
2020-10-29T03:00:00Z,56,19.44,9389,1,34913,18
2020-10-29T08:00:00Z,54,19.72,9387,1,34651,18
2020-10-29T09:00:00Z,65,17.2,9394,1,34596,17
2020-10-29T10:00:00Z,57,20.14,9409,1,34543,16
2020-10-29T11:00:00Z,71,20.54,9432,1,34483,19
2020-10-29T12:00:00Z,87,18.66,9444,1,34406,18
2020-10-29T13:00:00Z,91,19.02,9440,1,34296,18
2020-10-29T14:00:00Z,86,19.34,9445,1,34210,18
2020-10-29T15:00:00Z,93,18.7,9441,1,34020,18
2020-10-29T16:00:00Z,92,18.68,9419,1,33872,18
2020-10-29T17:00:00Z,88,20.04,9416,1,33805,19
2020-10-29T18:00:00Z,82,20.56,9411,1,33743,20
2020-10-29T19:00:00Z,79,20.84,9411,1,33677,21
2020-10-29T20:00:00Z,81,20.26,9412,1,33612,21
2020-10-29T21:00:00Z,84,19.48,9415,1,33550,20
2020-10-29T22:00:00Z,86,18.94,9424,1,33491,18
2020-10-29T23:00:00Z,86,18.74,9433,1,33435,18
2020-10-30T00:00:00Z,87,18.12,9440,1,33377,17
2020-10-30T01:00:00Z,84,17.72,9447,1,33323,17
2020-10-30T02:00:00Z,83,17.72,9446,1,33266,16
2020-10-30T03:00:00Z,80,17.98,9447,1,33212,17
2020-10-30T04:00:00Z,85,17.3,9443,1,33151,16
2020-10-30T05:00:00Z,85,17.14,9431,1,33100,15
2020-10-30T06:00:00Z,84,17.44,9426,1,33050,16
2020-10-30T07:00:00Z,85,17.52,9429,1,32998,16
2020-10-30T08:00:00Z,87,17.06,9430,1,32946,16
2020-10-30T09:00:00Z,86,17.52,9436,1,32894,16
2020-10-30T10:00:00Z,84,18.3,9446,1,32840,17
2020-10-30T11:00:00Z,82,19.02,9456,1,32782,18
2020-10-30T12:00:00Z,79,20,9462,1,32721,19
2020-10-30T13:00:00Z,71,21.68,9467,1,32651,22
2020-10-30T14:00:00Z,74,20.74,9471,1,32576,24
2020-10-30T15:00:00Z,76,20.86,9467,1,32487,23
2020-10-30T16:00:00Z,80,19.74,9465,1,32419,21
2020-10-30T17:00:00Z,79,19.72,9460,1,32352,21
2020-10-30T18:00:00Z,84,18.84,9460,1,32286,20
2020-10-30T19:00:00Z,87,17.92,9459,1,32226,18
2020-10-30T20:00:00Z,90,17.56,9461,1,32169,17
2020-10-30T21:00:00Z,88,17.3,9463,1,32114,17
2020-10-30T22:00:00Z,86,16.82,9469,1,32062,16
2020-10-30T23:00:00Z,89,15.94,9471,1,32010,15
2020-10-31T00:00:00Z,86,15.84,9481,1,31963,14
2020-10-31T01:00:00Z,84,16.14,9480,1,31914,14
2020-10-31T02:00:00Z,84,15.68,9484,1,31866,14
2020-10-31T03:00:00Z,84,15.42,9480,1,31819,14
2020-10-31T04:00:00Z,84,15.02,9476,1,31773,13
2020-10-31T05:00:00Z,83,14.84,9473,1,31728,13
2020-10-31T06:00:00Z,84,14.7,9467,1,31683,13
2020-10-31T07:00:00Z,84,14.7,9467,1,31638,13
2020-10-31T08:00:00Z,83,14.84,9471,1,31592,14
2020-10-31T09:00:00Z,81,15.02,9475,1,31546,14
2020-10-31T10:00:00Z,79,15.6,9482,1,31497,14
2020-10-31T11:00:00Z,68,18.54,9486,1,31444,16
2020-10-31T12:00:00Z,61,20.64,9490,1,31376,22
2020-10-31T13:00:00Z,53,23.16,9490,1,31295,25
2020-10-31T14:00:00Z,52,23.76,9489,1,31208,27
2020-10-31T15:00:00Z,42,27.82,9481,1,31106,32
2020-10-31T16:00:00Z,42,27.6,9472,1,30988,36
2020-10-31T17:00:00Z,36,30.5,9460,1,30867,37
2020-10-31T18:00:00Z,37,30.12,9453,1,30738,38
2020-10-31T19:00:00Z,42,27.46,9446,1,30628,34
2020-10-31T20:00:00Z,38,29.2,9442,1,30535,29
2020-10-31T21:00:00Z,48,24.86,9444,1,30443,29
2020-10-31T22:00:00Z,54,22.92,9448,1,30372,22
2020-10-31T23:00:00Z,59,21.84,9453,1,30303,21
2020-11-01T00:00:00Z,62,21.04,9459,1,30240,20
2020-11-01T01:00:00Z,66,19.66,9468,1,30181,19
2020-11-01T02:00:00Z,68,18.84,9466,1,30124,17
2020-11-01T03:00:00Z,70,18.54,9466,1,30070,17
2020-11-01T04:00:00Z,78,17.2,9465,1,29990,17
2020-11-01T05:00:00Z,78,16.54,9459,1,29941,15
2020-11-01T06:00:00Z,81,15.66,9458,1,29893,14
2020-11-01T07:00:00Z,83,15.16,9457,1,29848,13
2020-11-01T08:00:00Z,85,14.34,9461,1,29804,13
2020-11-01T09:00:00Z,85,14.3,9465,1,29762,13
2020-11-01T10:00:00Z,76,17.04,9470,1,29717,13
2020-11-01T11:00:00Z,66,19.18,9475,1,29663,16
2020-11-01T12:00:00Z,57,21.52,9473,1,29595,22
2020-11-01T13:00:00Z,52,24,9469,1,29511,27
2020-11-01T14:00:00Z,42,26.46,9464,1,29410,31
2020-11-01T15:00:00Z,35,28.94,9457,1,29292,36
2020-11-01T16:00:00Z,33,30.1,9449,1,29167,37
2020-11-01T17:00:00Z,31,29.74,9439,1,29058,33
2020-11-01T18:00:00Z,27,31.32,9432,1,28949,34
2020-11-01T19:00:00Z,27,30.4,9428,1,28846,32
2020-11-01T20:00:00Z,39,25.42,9427,1,28751,30
2020-11-01T21:00:00Z,37,26.14,9429,1,28667,27
2020-11-01T22:00:00Z,49,21.7,9436,1,28595,23
2020-11-01T23:00:00Z,50,20.34,9438,1,28534,19
2020-11-02T00:00:00Z,51,19.38,9444,1,28478,17
2020-11-02T01:00:00Z,60,17.36,9444,1,28425,16
2020-11-02T02:00:00Z,58,17.98,9445,1,28375,16
2020-11-02T03:00:00Z,59,17.58,9445,1,28324,15
2020-11-02T04:00:00Z,66,16.36,9448,1,28276,15
2020-11-02T05:00:00Z,74,14.82,9449,1,28230,13
2020-11-02T06:00:00Z,77,14.26,9448,1,28186,13
2020-11-02T07:00:00Z,81,13.58,9447,1,28144,12
2020-11-02T08:00:00Z,82,13.02,9451,1,28104,11
2020-11-02T09:00:00Z,84,12.56,9457,1,28065,11
2020-11-02T10:00:00Z,70,15.68,9464,1,28023,12
2020-11-02T11:00:00Z,58,18.66,9469,1,27970,17
2020-11-02T12:00:00Z,49,20.92,9471,1,27903,21
2020-11-02T13:00:00Z,43,23.06,9469,1,27821,26
2020-11-02T14:00:00Z,35,25.36,9463,1,27726,30
2020-11-02T15:00:00Z,30,27.68,9454,1,27618,34
2020-11-02T16:00:00Z,26,30.28,9445,1,27496,37
2020-11-02T17:00:00Z,26,30.06,9433,1,27371,37
2020-11-02T18:00:00Z,25,29.92,9423,1,27257,35
2020-11-02T19:00:00Z,28,27.16,9415,1,27147,34
2020-11-02T20:00:00Z,26,28.64,9411,1,27045,31
2020-11-02T21:00:00Z,29,27.14,9414,1,26955,28
2020-11-02T22:00:00Z,40,21.94,9418,1,26882,23
2020-11-02T23:00:00Z,40,21.1,9424,1,26822,19
2020-11-03T00:00:00Z,48,19.46,9428,1,26763,19
2020-11-03T01:00:00Z,45,20,9430,1,26707,18
2020-11-03T02:00:00Z,48,19.42,9433,1,26653,17
2020-11-03T03:00:00Z,52,17.78,9434,1,26602,15
2020-11-03T04:00:00Z,52,17.26,9429,1,26553,15
2020-11-03T05:00:00Z,62,14.9,9428,1,26507,14
2020-11-03T06:00:00Z,66,15.62,9428,1,26463,13
2020-11-03T07:00:00Z,68,15.34,9432,1,26417,14
2020-11-03T08:00:00Z,66,15.56,9438,1,26370,14
2020-11-03T09:00:00Z,69,15.46,9445,1,26325,13
2020-11-03T10:00:00Z,67,16.82,9452,1,26276,15
2020-11-03T11:00:00Z,60,18.6,9457,1,26221,17
2020-11-03T12:00:00Z,56,19.9,9460,1,26154,21
2020-11-03T13:00:00Z,39,25.52,9458,1,26072,26
2020-11-03T14:00:00Z,32,28.92,9452,1,25965,33
2020-11-03T15:00:00Z,27,29.88,9445,1,25842,37
2020-11-03T16:00:00Z,24,32.16,9437,1,25720,37
2020-11-03T17:00:00Z,22,32.9,9429,1,25598,37
2020-11-03T18:00:00Z,23,31.66,9422,1,25478,36
2020-11-03T19:00:00Z,27,29.62,9412,1,25365,35
2020-11-03T20:00:00Z,21,32.16,9409,1,25260,32
2020-11-03T21:00:00Z,27,27.5,9410,1,25164,30
2020-11-03T22:00:00Z,36,22.92,9415,1,25087,25
2020-11-03T23:00:00Z,45,20.1,9421,1,25023,20
2020-11-04T00:00:00Z,50,19.46,9425,1,24966,18
2020-11-04T01:00:00Z,57,17.68,9431,1,24911,17
2020-11-04T02:00:00Z,60,16.78,9432,1,24859,16
2020-11-04T03:00:00Z,63,16.18,9432,1,24812,14
2020-11-04T04:00:00Z,59,18.22,9440,1,24763,15
2020-11-04T05:00:00Z,64,16.66,9436,1,24709,15
2020-11-04T06:00:00Z,65,16.58,9435,1,24661,14
2020-11-04T07:00:00Z,66,16.4,9442,1,24613,15
2020-11-04T08:00:00Z,66,15.92,9446,1,24566,14
2020-11-04T09:00:00Z,70,15.06,9449,1,24521,13
2020-11-04T10:00:00Z,60,18.78,9457,1,24473,14
2020-11-04T11:00:00Z,48,22.32,9461,1,24411,20
2020-11-04T12:00:00Z,42,24.46,9463,1,24333,25
2020-11-04T13:00:00Z,34,27.3,9464,1,24241,29
2020-11-04T14:00:00Z,31,28.36,9459,1,24137,33
2020-11-04T15:00:00Z,27,31.52,9454,2,65530,39
2020-11-04T16:00:00Z,29,29.4,9444,2,65420,35
2020-11-04T17:00:00Z,21,34.22,9433,2,65304,36
2020-11-04T18:00:00Z,25,29.62,9425,2,65189,35
2020-11-04T19:00:00Z,21,32.98,9417,2,65079,33
2020-11-04T20:00:00Z,26,28.02,9412,2,64972,33
2020-11-04T21:00:00Z,27,29.22,9414,2,64882,29
2020-11-04T22:00:00Z,35,23.84,9416,2,64801,26
2020-11-04T23:00:00Z,42,22.4,9418,2,64732,22
2020-11-05T00:00:00Z,47,22.2,9426,2,64669,20
2020-11-05T01:00:00Z,57,20.32,9433,2,64604,20
2020-11-05T02:00:00Z,60,18.92,9433,2,64548,17
2020-11-05T03:00:00Z,61,17.92,9431,2,64495,16
2020-11-05T04:00:00Z,62,17.58,9427,2,64445,15
2020-11-05T05:00:00Z,66,17,9423,2,64397,14
2020-11-05T06:00:00Z,70,16.1,9427,2,64349,14
2020-11-05T07:00:00Z,77,15.42,9429,2,64303,14
2020-11-05T08:00:00Z,79,14.74,9434,2,64258,13
2020-11-05T09:00:00Z,83,14,9440,2,64217,12
2020-11-05T10:00:00Z,70,16.62,9445,2,64171,13
2020-11-05T11:00:00Z,55,20.26,9449,2,64115,18
2020-11-05T12:00:00Z,52,21.54,9450,2,64044,23
2020-11-05T13:00:00Z,42,24.56,9449,2,63959,27
2020-11-05T14:00:00Z,35,27.58,9444,2,63852,32
2020-11-05T15:00:00Z,30,30.04,9438,2,63736,36
2020-11-05T16:00:00Z,23,32.5,9431,2,63608,39
2020-11-05T17:00:00Z,23,33.08,9420,2,63478,39
2020-11-05T18:00:00Z,23,31.58,9413,2,63354,38
2020-11-05T19:00:00Z,20,32.16,9405,2,63229,36
2020-11-05T20:00:00Z,18,32.04,9403,2,63115,35
2020-11-05T21:00:00Z,18,31.66,9407,2,63011,33
2020-11-05T22:00:00Z,29,23.36,9415,2,62928,27
2020-11-05T23:00:00Z,31,22.28,9420,2,62862,20
2020-11-06T00:00:00Z,32,21.2,9427,2,62804,19
2020-11-06T01:00:00Z,36,19.82,9430,2,62746,17
2020-11-06T02:00:00Z,49,16.64,9430,2,62694,16
2020-11-06T03:00:00Z,52,16.38,9426,2,62646,15
2020-11-06T04:00:00Z,59,15.7,9423,2,62600,13
2020-11-06T05:00:00Z,53,17.74,9420,2,62554,13
2020-11-06T06:00:00Z,48,17.92,9420,2,62505,15
2020-11-06T07:00:00Z,50,17.62,9427,2,62454,16
2020-11-06T08:00:00Z,58,16,9436,2,62404,15
2020-11-06T09:00:00Z,65,15.84,9445,2,62361,13
2020-11-06T10:00:00Z,56,19.48,9455,2,62312,15
2020-11-06T11:00:00Z,52,21.04,9462,2,62247,20
2020-11-06T12:00:00Z,43,24.36,9462,2,62170,25
2020-11-06T13:00:00Z,38,26.62,9459,2,62079,29
2020-11-06T14:00:00Z,29,30.48,9454,2,61972,33
2020-11-06T15:00:00Z,25,31.52,9444,2,61843,38
2020-11-06T16:00:00Z,22,32.26,9438,2,61711,40
2020-11-06T17:00:00Z,18,33.9,9427,2,61574,41
2020-11-06T18:00:00Z,17,34.94,9422,2,61437,41
2020-11-06T19:00:00Z,19,32.88,9415,2,61300,39
2020-11-06T20:00:00Z,18,32.4,9415,2,61178,37
2020-11-06T21:00:00Z,19,31.84,9417,2,61071,33
2020-11-06T22:00:00Z,25,26.6,9422,2,60984,28
2020-11-06T23:00:00Z,34,24.24,9425,2,60911,23
2020-11-07T00:00:00Z,31,23.58,9432,2,60845,21
2020-11-07T01:00:00Z,34,23.26,9436,2,60777,21
2020-11-07T02:00:00Z,36,22.76,9437,2,60713,21
2020-11-07T03:00:00Z,39,21.52,9440,2,60652,19
2020-11-07T04:00:00Z,41,21.54,9440,2,60593,19
2020-11-07T05:00:00Z,46,20.2,9443,2,60534,19
2020-11-07T06:00:00Z,50,19.42,9445,2,60478,17
2020-11-07T07:00:00Z,53,19.16,9448,2,60424,17
2020-11-07T08:00:00Z,55,18.42,9455,2,60370,17
2020-11-07T09:00:00Z,56,18.12,9461,2,60319,16
2020-11-07T10:00:00Z,52,20.68,9470,2,60263,17
2020-11-07T11:00:00Z,47,23.12,9479,2,60196,21
2020-11-07T12:00:00Z,40,26.18,9482,2,60114,26
2020-11-07T13:00:00Z,35,28.26,9480,2,60014,31
2020-11-07T14:00:00Z,27,31.72,9477,2,59894,36
2020-11-07T15:00:00Z,23,33.52,9471,2,59763,40
2020-11-07T16:00:00Z,21,35.74,9463,2,59628,41
2020-11-07T17:00:00Z,19,36.16,9455,2,59487,42
2020-11-07T18:00:00Z,19,37.78,9447,2,59345,42
2020-11-07T19:00:00Z,20,36.3,9439,2,59200,41
2020-11-07T20:00:00Z,22,34.02,9437,2,59070,39
2020-11-07T21:00:00Z,22,34.44,9438,2,58958,35
2020-11-07T22:00:00Z,34,27.28,9443,2,58859,30
2020-11-07T23:00:00Z,37,25.44,9445,2,58784,24
2020-11-08T00:00:00Z,38,25.3,9449,2,58715,23
2020-11-08T01:00:00Z,47,23.74,9454,2,58643,22
2020-11-08T02:00:00Z,50,21.6,9454,2,58579,21
2020-11-08T03:00:00Z,59,20.28,9450,2,58517,19
2020-11-08T04:00:00Z,61,19.18,9445,2,58459,18
2020-11-08T05:00:00Z,61,19.8,9443,2,58403,18
2020-11-08T06:00:00Z,74,17.56,9440,2,58347,18
2020-11-08T07:00:00Z,66,18.74,9445,2,58293,17
2020-11-08T08:00:00Z,54,20.4,9450,2,58236,18
2020-11-08T09:00:00Z,47,22.1,9454,2,58181,18
2020-11-08T10:00:00Z,55,23.94,9462,2,58119,20
2020-11-08T11:00:00Z,35,28.7,9464,2,58039,26
2020-11-08T12:00:00Z,27,32.04,9464,2,57938,32
2020-11-08T13:00:00Z,23,34.1,9464,2,57820,36
2020-11-08T14:00:00Z,20,37.18,9455,2,57679,40
2020-11-08T15:00:00Z,21,36.64,9450,2,57536,42
2020-11-08T16:00:00Z,19,38.46,9442,2,57388,44
2020-11-08T17:00:00Z,20,38.64,9434,2,57234,45
2020-11-08T18:00:00Z,19,39.34,9425,2,57086,43
2020-11-08T19:00:00Z,19,38.62,9418,2,56938,42
2020-11-08T20:00:00Z,25,34.5,9416,2,56815,37
2020-11-08T21:00:00Z,28,32.88,9418,2,56709,33
2020-11-08T22:00:00Z,35,29.38,9420,2,56610,30
2020-11-08T23:00:00Z,39,27.42,9424,2,56526,27
2020-11-09T00:00:00Z,42,27,9426,2,56447,25
2020-11-09T01:00:00Z,47,25.04,9429,2,56369,24
2020-11-09T02:00:00Z,57,22.34,9431,2,56300,22
2020-11-09T03:00:00Z,56,22.88,9433,2,56236,21
2020-11-09T04:00:00Z,55,23.02,9432,2,56167,22
2020-11-09T05:00:00Z,60,22.38,9427,2,56101,21
2020-11-09T06:00:00Z,58,22.08,9421,2,56036,21
2020-11-09T07:00:00Z,45,25.1,9420,2,55969,21
2020-11-09T08:00:00Z,48,23.92,9421,2,55898,23
2020-11-09T09:00:00Z,47,24.52,9428,2,55832,21
2020-11-09T10:00:00Z,44,26.28,9442,2,55758,24
2020-11-09T11:00:00Z,37,29.6,9443,2,55673,27
2020-11-09T12:00:00Z,40,27.86,9441,2,55576,30
2020-11-09T13:00:00Z,34,30.98,9438,2,55479,31
2020-11-09T14:00:00Z,34,31.12,9436,2,55373,33
2020-11-09T15:00:00Z,45,28.56,9443,2,55258,34
2020-11-09T16:00:00Z,82,21.5,9453,2,54999,24
2020-11-09T17:00:00Z,85,20.88,9442,2,54877,20
2020-11-09T18:00:00Z,85,21.24,9445,2,54807,21
2020-11-09T19:00:00Z,85,21.36,9451,2,54741,21
2020-11-09T20:00:00Z,84,21.52,9447,2,54674,21
2020-11-09T21:00:00Z,81,21.52,9446,2,54608,21
2020-11-09T22:00:00Z,84,20.48,9441,2,54546,20
2020-11-09T23:00:00Z,87,20.34,9447,2,54486,19
2020-11-10T00:00:00Z,86,20.24,9460,2,54426,19
2020-11-10T01:00:00Z,88,19.74,9460,2,54367,19
2020-11-10T02:00:00Z,89,19.52,9460,2,54308,18
2020-11-10T03:00:00Z,89,19.6,9450,2,54251,18
2020-11-10T04:00:00Z,88,19.56,9445,2,54194,18
2020-11-10T05:00:00Z,88,19.32,9433,2,54137,18
2020-11-10T06:00:00Z,91,18.82,9434,2,54081,18
2020-11-10T07:00:00Z,89,18.9,9437,2,54027,17
2020-11-10T08:00:00Z,94,17.8,9442,2,53974,17
2020-11-10T09:00:00Z,93,18.38,9444,2,53923,16
2020-11-10T10:00:00Z,83,20.94,9457,2,53866,18
2020-11-10T11:00:00Z,74,24.04,9463,2,53800,21
2020-11-10T12:00:00Z,71,24.58,9466,2,53719,26
2020-11-10T13:00:00Z,67,25.6,9465,2,53636,26
2020-11-10T14:00:00Z,60,27.2,9461,2,53547,28
2020-11-10T15:00:00Z,50,30.34,9457,2,53440,32
2020-11-10T16:00:00Z,47,30.02,9451,2,53330,34
2020-11-10T17:00:00Z,49,29.86,9448,2,53230,32
2020-11-10T18:00:00Z,52,28.96,9447,2,53134,30
2020-11-10T19:00:00Z,60,26.56,9445,2,53044,28
2020-11-10T20:00:00Z,67,24.38,9443,2,52960,26
2020-11-10T21:00:00Z,73,22.82,9444,2,52886,23
2020-11-10T22:00:00Z,75,21.64,9437,2,52820,21
2020-11-10T23:00:00Z,80,20.86,9433,2,52757,20
2020-11-11T00:00:00Z,84,20.2,9441,2,52696,19
2020-11-11T01:00:00Z,84,20.58,9446,2,52636,19
2020-11-11T02:00:00Z,87,20.02,9444,2,52574,19
2020-11-11T03:00:00Z,87,20,9436,2,52516,18
2020-11-11T04:00:00Z,91,19.04,9445,2,52460,18
2020-11-11T05:00:00Z,92,19.08,9438,2,52401,18
2020-11-11T06:00:00Z,93,18.96,9435,2,52344,18
2020-11-11T07:00:00Z,96,18.8,9425,2,52262,18
2020-11-11T08:00:00Z,96,18.68,9436,2,52204,18
2020-11-11T09:00:00Z,96,19.34,9437,2,52110,18
2020-11-11T10:00:00Z,94,19.96,9444,2,52052,18
2020-11-11T11:00:00Z,97,19.46,9465,2,51792,19
2020-11-11T12:00:00Z,96,20.52,9461,2,51531,19
2020-11-11T13:00:00Z,91,21.36,9465,2,51464,21
2020-11-11T14:00:00Z,90,21.52,9461,2,51379,21
2020-11-11T15:00:00Z,92,20.96,9456,2,51303,20
2020-11-11T16:00:00Z,86,24.96,9448,2,51236,22
2020-11-11T17:00:00Z,62,27.58,9441,2,51133,32
2020-11-11T18:00:00Z,57,29.24,9433,2,51039,30
2020-11-11T19:00:00Z,59,27.68,9427,2,50941,31
2020-11-11T20:00:00Z,63,26.08,9424,2,50852,28
2020-11-11T21:00:00Z,58,27.78,9420,2,50770,26
2020-11-11T22:00:00Z,76,22.46,9423,2,50691,25
2020-11-11T23:00:00Z,82,22.52,9425,2,50626,21
2020-11-12T00:00:00Z,90,21,9435,2,50563,20
2020-11-12T01:00:00Z,87,21.28,9440,2,50502,20
2020-11-12T02:00:00Z,90,19.36,9443,2,50440,19
2020-11-12T03:00:00Z,94,18.7,9439,2,50385,18
2020-11-12T04:00:00Z,94,17.76,9432,2,50331,17
2020-11-12T05:00:00Z,92,17.54,9428,2,50279,16
2020-11-12T06:00:00Z,93,16.8,9425,2,50228,16
2020-11-12T07:00:00Z,95,17.14,9423,2,50178,16
2020-11-12T08:00:00Z,92,17.34,9428,2,50127,16
2020-11-12T09:00:00Z,93,17.34,9433,2,50078,16
2020-11-12T10:00:00Z,85,19.56,9439,2,50024,16
2020-11-12T11:00:00Z,74,22.78,9443,2,49961,20
2020-11-12T12:00:00Z,59,26.48,9445,2,49876,27
2020-11-12T13:00:00Z,48,30.24,9444,2,49772,32
2020-11-12T14:00:00Z,42,32.42,9440,2,49641,38
2020-11-12T15:00:00Z,42,32.04,9435,2,49518,38
2020-11-12T16:00:00Z,43,32.22,9428,2,49397,37
2020-11-12T17:00:00Z,37,34.16,9414,2,49278,37
2020-11-12T18:00:00Z,36,33.66,9404,2,49153,38
2020-11-12T19:00:00Z,39,32.26,9395,2,49037,36
2020-11-12T20:00:00Z,55,27.78,9398,2,48925,31
2020-11-12T21:00:00Z,87,20.92,9405,2,48790,23
2020-11-12T22:00:00Z,86,20.44,9421,2,48709,20
2020-11-12T23:00:00Z,85,19.28,9424,2,48649,18
2020-11-13T00:00:00Z,87,19.64,9421,2,48592,18
2020-11-13T01:00:00Z,86,19.48,9425,2,48536,18
2020-11-13T02:00:00Z,83,18.84,9427,2,48480,17
2020-11-13T03:00:00Z,87,17.36,9423,2,48428,16
2020-11-13T04:00:00Z,91,16.9,9417,2,48379,15
2020-11-13T05:00:00Z,94,16,9416,2,48330,15
2020-11-13T06:00:00Z,94,16.38,9418,2,48282,15
2020-11-13T07:00:00Z,96,16.38,9415,2,48233,15
2020-11-13T08:00:00Z,96,16.18,9418,2,48184,15
2020-11-13T09:00:00Z,94,16.82,9421,2,48136,15
2020-11-13T10:00:00Z,83,20.22,9425,2,48083,17
2020-11-13T11:00:00Z,65,24.74,9431,2,48018,21
2020-11-13T12:00:00Z,59,26.82,9436,2,47935,27
2020-11-13T13:00:00Z,56,28.78,9440,2,47837,31
2020-11-13T14:00:00Z,42,32.24,9435,2,47720,35
2020-11-13T15:00:00Z,37,33.92,9429,2,47594,39
2020-11-13T16:00:00Z,34,34.46,9422,2,47462,40
2020-11-13T17:00:00Z,32,34.38,9408,2,47331,40
2020-11-13T18:00:00Z,27,34.6,9397,2,47205,38
2020-11-13T19:00:00Z,27,33.08,9392,2,47082,36
2020-11-13T20:00:00Z,25,33.26,9387,2,46967,36
2020-11-13T21:00:00Z,28,32.22,9384,2,46860,34
2020-11-13T22:00:00Z,44,26.94,9387,2,46764,29
2020-11-13T23:00:00Z,52,24.62,9398,2,46689,24
2020-11-14T00:00:00Z,56,23.54,9405,2,46622,22
2020-11-14T01:00:00Z,63,22.68,9411,2,46553,21
2020-11-14T02:00:00Z,70,21.28,9411,2,46490,20
2020-11-14T03:00:00Z,75,20.4,9408,2,46429,19
2020-11-14T04:00:00Z,77,19.84,9404,2,46371,19
2020-11-14T05:00:00Z,70,20.82,9400,2,46313,18
2020-11-14T06:00:00Z,79,18.94,9399,2,46256,18
2020-11-14T07:00:00Z,72,20.58,9402,2,46201,17
2020-11-14T08:00:00Z,72,20.58,9404,2,46144,18
2020-11-14T09:00:00Z,79,19.84,9412,2,46088,18
2020-11-14T10:00:00Z,67,24.52,9421,2,46028,19
2020-11-14T11:00:00Z,60,26.42,9427,2,45950,25
2020-11-14T12:00:00Z,57,28,9429,2,45857,29
2020-11-14T13:00:00Z,51,29.82,9427,2,45754,32
2020-11-14T14:00:00Z,45,31.76,9422,2,45632,36
2020-11-14T15:00:00Z,36,34.68,9414,2,45506,38
2020-11-14T16:00:00Z,36,34.42,9408,2,45371,40
2020-11-14T17:00:00Z,28,37.28,9398,2,45239,40
2020-11-14T18:00:00Z,25,37.78,9384,2,45096,42
2020-11-14T19:00:00Z,26,35.76,9374,2,44954,40
2020-11-14T20:00:00Z,27,36.16,9370,2,44826,38
2020-11-14T21:00:00Z,33,33.44,9372,2,44709,36
2020-11-14T22:00:00Z,51,28.18,9382,2,44610,31
2020-11-14T23:00:00Z,59,25.36,9394,2,44527,25
2020-11-15T00:00:00Z,63,24.1,9402,2,44455,23
2020-11-15T01:00:00Z,64,23.96,9408,2,44384,22
2020-11-15T02:00:00Z,66,23.12,9415,2,44317,22
2020-11-15T03:00:00Z,72,22.08,9418,2,44253,21
2020-11-15T04:00:00Z,73,21.9,9416,2,44190,20
2020-11-15T05:00:00Z,80,21.18,9412,2,44129,20
2020-11-15T06:00:00Z,82,20.62,9402,2,44063,19
2020-11-15T07:00:00Z,73,22.2,9394,2,43973,19
2020-11-15T08:00:00Z,76,22.14,9407,2,43897,20
2020-11-15T09:00:00Z,75,22.34,9417,2,43826,20
2020-11-15T10:00:00Z,68,24.62,9424,2,43753,22
2020-11-15T11:00:00Z,54,28.7,9427,2,43671,26
2020-11-15T12:00:00Z,51,30.2,9430,2,43574,30
2020-11-15T13:00:00Z,46,32.64,9431,2,43466,34
2020-11-15T14:00:00Z,39,34.94,9429,2,43340,36
2020-11-15T15:00:00Z,39,34.84,9423,2,43209,39
2020-11-15T16:00:00Z,57,28.42,9423,2,43045,33
2020-11-15T17:00:00Z,55,27.16,9420,2,42867,31
2020-11-15T18:00:00Z,55,26.74,9424,2,42734,29
2020-11-15T19:00:00Z,57,25.72,9419,2,42640,28
2020-11-15T20:00:00Z,53,26.38,9407,2,42554,26
2020-11-15T21:00:00Z,56,25.24,9410,2,42475,25
2020-11-15T22:00:00Z,62,23.12,9405,2,42401,24
2020-11-15T23:00:00Z,69,21.74,9411,2,42336,20
2020-11-16T00:00:00Z,73,20.84,9412,2,42275,19
2020-11-16T01:00:00Z,78,19.48,9414,2,42216,18
2020-11-16T02:00:00Z,86,18,9412,2,42162,17
2020-11-16T03:00:00Z,87,18.7,9414,2,42109,16
2020-11-16T04:00:00Z,90,17.86,9414,2,42056,17
2020-11-16T05:00:00Z,90,18.56,9412,2,42003,16
2020-11-16T06:00:00Z,92,17.82,9412,2,41949,17
2020-11-16T07:00:00Z,90,18.78,9412,2,41895,17
2020-11-16T08:00:00Z,89,19.18,9414,2,41840,17
2020-11-16T09:00:00Z,89,19.04,9416,2,41786,18
2020-11-16T10:00:00Z,81,21.54,9426,2,41727,19
2020-11-16T11:00:00Z,66,23.92,9427,2,41656,23
2020-11-16T12:00:00Z,50,28.9,9428,2,41568,27
2020-11-16T13:00:00Z,39,32.26,9426,2,41461,34
2020-11-16T14:00:00Z,35,33.98,9419,2,41335,37
2020-11-16T15:00:00Z,33,36.14,9416,2,41206,39
2020-11-16T16:00:00Z,34,35.86,9404,2,41073,40
2020-11-16T17:00:00Z,35,35.18,9396,2,40944,39
2020-11-16T18:00:00Z,39,33.48,9387,2,40821,37
2020-11-16T19:00:00Z,39,33.82,9378,2,40694,37
2020-11-16T20:00:00Z,41,32.64,9369,2,40584,34
2020-11-16T21:00:00Z,46,30.46,9372,2,40480,33
2020-11-16T22:00:00Z,56,27.56,9379,2,40388,29
2020-11-16T23:00:00Z,62,26.02,9390,2,40306,25
2020-11-17T00:00:00Z,70,24.64,9391,2,40232,24
2020-11-17T01:00:00Z,72,23.68,9393,2,40158,23
2020-11-17T02:00:00Z,76,22.78,9396,2,40091,22
2020-11-17T03:00:00Z,74,22.86,9393,2,40024,22
2020-11-17T04:00:00Z,79,21.52,9393,2,39959,21
2020-11-17T05:00:00Z,82,20.44,9387,2,39898,19
2020-11-17T06:00:00Z,83,19.78,9387,2,39840,19
2020-11-17T07:00:00Z,87,18.66,9392,2,39784,18
2020-11-17T08:00:00Z,88,18.18,9395,2,39730,17
2020-11-17T09:00:00Z,87,18.72,9399,2,39678,17
2020-11-17T10:00:00Z,69,23.76,9403,2,39618,19
2020-11-17T11:00:00Z,54,27.16,9402,2,39539,26
2020-11-17T12:00:00Z,42,30.98,9406,2,39439,31
2020-11-17T13:00:00Z,37,32.62,9401,2,39319,37
2020-11-17T14:00:00Z,33,34.26,9397,2,39177,40
2020-11-17T15:00:00Z,32,34.68,9391,2,39038,42
2020-11-17T16:00:00Z,28,35.92,9381,2,38893,43
2020-11-17T17:00:00Z,25,37.78,9372,2,38759,40
2020-11-17T18:00:00Z,26,36.7,9361,2,38617,42
2020-11-17T19:00:00Z,30,35.2,9357,2,38477,39
2020-11-17T20:00:00Z,30,33.62,9354,2,38354,37
2020-11-17T21:00:00Z,34,31.62,9355,2,38245,34
2020-11-17T22:00:00Z,42,28.74,9360,2,38148,31
2020-11-17T23:00:00Z,51,25.84,9371,2,38062,27
2020-11-18T00:00:00Z,45,25.98,9380,2,37985,25
2020-11-18T01:00:00Z,47,24.56,9385,2,37908,23
2020-11-18T02:00:00Z,49,23.8,9386,2,37838,23
2020-11-18T03:00:00Z,52,22.62,9385,2,37769,22
2020-11-18T04:00:00Z,54,22.44,9395,2,37701,22
2020-11-18T05:00:00Z,56,22.28,9378,2,37637,21
2020-11-18T06:00:00Z,58,22.34,9370,2,37569,21
2020-11-18T07:00:00Z,76,21.22,9375,2,37507,20
2020-11-18T08:00:00Z,85,20.84,9382,2,37446,20
2020-11-18T09:00:00Z,88,20.16,9382,2,37365,19
2020-11-18T10:00:00Z,94,19.34,9395,2,37162,18
2020-11-18T11:00:00Z,96,18.7,9411,2,36608,18
2020-11-18T12:00:00Z,96,19.14,9411,2,36375,18
2020-11-18T13:00:00Z,95,19.24,9422,2,36169,19
2020-11-18T14:00:00Z,92,19.76,9411,2,35989,19
2020-11-18T15:00:00Z,92,20.44,9403,2,35851,20
2020-11-18T16:00:00Z,91,20.58,9389,2,35786,21
2020-11-18T17:00:00Z,91,20.14,9385,2,35678,20
2020-11-18T18:00:00Z,94,19.58,9390,2,35336,19
2020-11-18T19:00:00Z,94,19.18,9383,2,35276,19
2020-11-18T20:00:00Z,95,18.02,9393,2,34915,18
2020-11-18T21:00:00Z,94,17.6,9390,2,34763,17
2020-11-18T22:00:00Z,96,17.54,9391,2,34709,17
2020-11-18T23:00:00Z,96,17.14,9380,2,34652,16
2020-11-19T00:00:00Z,96,16.88,9408,2,34601,16
2020-11-19T01:00:00Z,96,17.16,9412,2,34549,16
2020-11-19T02:00:00Z,95,16.86,9415,2,34497,16
2020-11-19T03:00:00Z,97,15.88,9411,2,34447,15
2020-11-19T04:00:00Z,98,15.4,9413,2,34400,14
2020-11-19T05:00:00Z,95,16.22,9411,2,34353,14
2020-11-19T06:00:00Z,96,16.06,9410,2,34304,15
2020-11-19T07:00:00Z,97,15.5,9407,2,34255,14
2020-11-19T08:00:00Z,97,15.56,9409,2,34209,14
2020-11-19T09:00:00Z,95,15.52,9414,2,34164,14
2020-11-19T10:00:00Z,81,19.78,9417,2,34113,15
2020-11-19T11:00:00Z,74,22.38,9423,2,34052,19
2020-11-19T12:00:00Z,68,22.38,9430,2,33979,24
2020-11-19T13:00:00Z,59,25.24,9430,2,33893,27
2020-11-19T14:00:00Z,52,25.98,9428,2,33790,32
2020-11-19T15:00:00Z,46,27.78,9425,2,33678,34
2020-11-19T16:00:00Z,50,26.42,9421,2,33574,33
2020-11-19T17:00:00Z,45,27.4,9415,2,33465,34
2020-11-19T18:00:00Z,42,29.34,9409,2,33364,32
2020-11-19T19:00:00Z,39,27.48,9405,2,33255,33
2020-11-19T20:00:00Z,43,26.16,9406,2,33169,27
2020-11-19T21:00:00Z,49,24.94,9408,2,33086,27
2020-11-19T22:00:00Z,65,21.52,9414,3,65533,22
2020-11-19T23:00:00Z,69,19.88,9419,3,65468,19
2020-11-20T00:00:00Z,70,19.44,9426,3,65413,17
2020-11-20T01:00:00Z,78,17.8,9433,3,65360,16
2020-11-20T02:00:00Z,82,17,9432,3,65309,15
2020-11-20T03:00:00Z,88,15.54,9430,3,65260,14
2020-11-20T04:00:00Z,85,15.86,9429,3,65214,14
2020-11-20T05:00:00Z,78,17.38,9428,3,65167,14
2020-11-20T06:00:00Z,80,17.06,9429,3,65118,15
2020-11-20T07:00:00Z,82,16.38,9432,3,65070,14
2020-11-20T08:00:00Z,86,15.54,9439,3,65023,14
2020-11-20T09:00:00Z,86,15.66,9443,3,64981,14
2020-11-20T10:00:00Z,75,18.98,9453,3,64932,15
2020-11-20T11:00:00Z,63,21.32,9459,3,64869,20
2020-11-20T12:00:00Z,55,22.68,9460,3,64793,24
2020-11-20T13:00:00Z,48,25.7,9458,3,64702,28
2020-11-20T14:00:00Z,43,27.76,9454,3,64595,33
2020-11-20T15:00:00Z,35,31.16,9446,3,64472,37
2020-11-20T16:00:00Z,27,32.28,9439,3,64340,39
2020-11-20T17:00:00Z,32,28.78,9434,3,64214,38
2020-11-20T18:00:00Z,29,30.86,9424,3,64090,37
2020-11-20T19:00:00Z,30,30.64,9417,3,63966,37
2020-11-20T20:00:00Z,36,27,9414,3,63862,32
2020-11-20T21:00:00Z,33,28.6,9416,3,63778,27
2020-11-20T22:00:00Z,45,24.1,9420,3,63688,26
2020-11-20T23:00:00Z,53,21.74,9423,3,63597,21
2020-11-21T00:00:00Z,56,20.52,9427,3,63538,18
2020-11-21T01:00:00Z,58,19.94,9432,3,63481,18
2020-11-21T02:00:00Z,73,17.74,9431,3,63426,17
2020-11-21T03:00:00Z,78,16.5,9426,3,63374,15
2020-11-21T04:00:00Z,84,15.1,9423,3,63326,14
2020-11-21T05:00:00Z,80,15.82,9420,3,63279,14
2020-11-21T06:00:00Z,74,16.72,9423,3,63233,13
2020-11-21T07:00:00Z,76,16.68,9424,3,63185,14
2020-11-21T08:00:00Z,79,16.66,9431,3,63139,14
2020-11-21T09:00:00Z,78,17.18,9439,3,63094,14
2020-11-21T10:00:00Z,66,20.68,9449,3,63041,17
2020-11-21T11:00:00Z,58,23.44,9457,3,62974,22
2020-11-21T12:00:00Z,53,24.56,9458,3,62894,26
2020-11-21T13:00:00Z,45,27.12,9459,3,62802,29
2020-11-21T14:00:00Z,40,29.24,9455,3,62693,34
2020-11-21T15:00:00Z,42,27.42,9448,3,62575,36
2020-11-21T16:00:00Z,33,30.5,9439,3,62468,33
2020-11-21T17:00:00Z,29,32.28,9433,3,62361,33
2020-11-21T18:00:00Z,30,30.54,9423,3,62238,37
2020-11-21T19:00:00Z,21,32.9,9418,3,62118,37
2020-11-21T20:00:00Z,23,31.62,9416,3,61999,36
2020-11-21T21:00:00Z,28,29.72,9421,3,61895,32
2020-11-21T22:00:00Z,42,24.04,9426,3,61803,27
2020-11-21T23:00:00Z,48,22.18,9434,3,61722,22
2020-11-22T00:00:00Z,47,22.44,9441,3,61660,20
2020-11-22T01:00:00Z,50,21.74,9446,3,61598,19
2020-11-22T02:00:00Z,62,19.58,9449,3,61541,18
2020-11-22T03:00:00Z,71,17.9,9447,3,61487,17
2020-11-22T04:00:00Z,82,15.94,9442,3,61437,15
2020-11-22T05:00:00Z,75,16.82,9439,3,61389,14
2020-11-22T06:00:00Z,80,15.94,9439,3,61341,14
2020-11-22T07:00:00Z,69,18.52,9444,3,61293,15
2020-11-22T08:00:00Z,73,17.72,9452,3,61241,16
2020-11-22T09:00:00Z,79,16.36,9461,3,61194,15
2020-11-22T10:00:00Z,66,21.22,9468,3,61141,16
2020-11-22T11:00:00Z,58,24.18,9473,3,61072,22
2020-11-22T12:00:00Z,49,26.26,9475,3,60987,27
2020-11-22T13:00:00Z,43,28.8,9475,3,60887,31
2020-11-22T14:00:00Z,38,30.7,9473,3,60775,35
2020-11-22T15:00:00Z,32,32.2,9467,3,60653,37
2020-11-22T16:00:00Z,25,35.08,9461,3,60519,40
2020-11-22T17:00:00Z,24,35.28,9452,3,60382,41
2020-11-22T18:00:00Z,28,31.56,9446,3,60257,38
2020-11-22T19:00:00Z,31,30.84,9443,3,60151,33
2020-11-22T20:00:00Z,28,32.24,9440,3,60049,31
2020-11-22T21:00:00Z,28,32.58,9441,3,59942,33
2020-11-22T22:00:00Z,41,27.08,9444,3,59847,29
2020-11-22T23:00:00Z,55,23.4,9450,3,59766,24
2020-11-23T00:00:00Z,58,22.2,9456,3,59701,21
2020-11-23T01:00:00Z,63,20.64,9461,3,59641,19
2020-11-23T02:00:00Z,69,19.38,9461,3,59583,18
2020-11-23T03:00:00Z,70,18.8,9457,3,59528,17
2020-11-23T04:00:00Z,71,18.64,9454,3,59474,17
2020-11-23T05:00:00Z,66,19.22,9454,3,59423,16
2020-11-23T06:00:00Z,66,19.52,9452,3,59369,17
2020-11-23T07:00:00Z,68,18.92,9457,3,59315,17
2020-11-23T08:00:00Z,68,18.18,9462,3,59263,16
2020-11-23T09:00:00Z,72,18.16,9469,3,59214,16
2020-11-23T10:00:00Z,63,21.66,9478,3,59158,18
2020-11-23T11:00:00Z,57,23.88,9487,3,59089,22
2020-11-23T12:00:00Z,54,24.98,9490,3,59007,26
2020-11-23T13:00:00Z,45,26.78,9491,3,58911,30
2020-11-23T14:00:00Z,44,27.58,9487,3,58804,33
2020-11-23T15:00:00Z,36,31.1,9481,3,58682,37
2020-11-23T16:00:00Z,32,31.62,9475,3,58556,38
2020-11-23T17:00:00Z,29,32.42,9466,3,58426,39
2020-11-23T18:00:00Z,27,33.34,9460,3,58294,39
2020-11-23T19:00:00Z,26,33.12,9453,3,58163,39
2020-11-23T20:00:00Z,27,32.72,9448,3,58040,37
2020-11-23T21:00:00Z,28,32.12,9448,3,57929,34
2020-11-23T22:00:00Z,38,27.22,9450,3,57834,29
2020-11-23T23:00:00Z,41,25.14,9453,3,57758,24
2020-11-24T00:00:00Z,45,23.64,9457,3,57689,22
2020-11-24T01:00:00Z,48,22.34,9464,3,57626,20
2020-11-24T02:00:00Z,46,22.94,9469,3,57563,20
2020-11-24T03:00:00Z,48,22.34,9467,3,57500,20
2020-11-24T04:00:00Z,52,21.56,9465,3,57438,19
2020-11-24T05:00:00Z,55,21.08,9462,3,57378,19
2020-11-24T06:00:00Z,58,20.5,9462,3,57320,18
2020-11-24T07:00:00Z,62,19.38,9462,3,57264,17
2020-11-24T08:00:00Z,68,18.08,9468,3,57211,16
2020-11-24T09:00:00Z,69,18.42,9473,3,57161,16
2020-11-24T10:00:00Z,57,22.14,9483,3,57105,17
2020-11-24T11:00:00Z,50,23.84,9491,3,57034,23
2020-11-24T12:00:00Z,43,25.62,9493,3,56949,27
2020-11-24T13:00:00Z,37,28.32,9490,3,56850,31
2020-11-24T14:00:00Z,36,29.28,9485,3,56739,34
2020-11-24T15:00:00Z,31,32.4,9480,3,56616,37
2020-11-24T16:00:00Z,31,33.62,9474,3,56481,40
2020-11-24T17:00:00Z,30,34.66,9465,3,56342,41
2020-11-24T18:00:00Z,29,35.34,9455,3,56204,41
2020-11-24T19:00:00Z,30,34.46,9444,3,56068,40
2020-11-24T20:00:00Z,33,33.98,9440,3,55944,37
2020-11-24T21:00:00Z,31,34.86,9436,3,55827,36
2020-11-24T22:00:00Z,44,29.28,9439,3,55725,32
2020-11-24T23:00:00Z,52,26.6,9443,3,55643,26
2020-11-25T00:00:00Z,60,24.04,9448,3,55570,23
2020-11-25T01:00:00Z,57,24.78,9450,3,55501,22
2020-11-25T02:00:00Z,54,25.24,9452,3,55429,23
2020-11-25T03:00:00Z,60,23.8,9449,3,55359,22
2020-11-25T04:00:00Z,61,23.88,9444,3,55292,22
2020-11-25T05:00:00Z,66,22.66,9445,3,55224,21
2020-11-25T06:00:00Z,66,22.92,9447,3,55162,20
2020-11-25T07:00:00Z,69,22.14,9448,3,55098,21
2020-11-25T08:00:00Z,71,21.8,9453,3,55036,20
2020-11-25T09:00:00Z,73,21.4,9464,3,54977,19
2020-11-25T10:00:00Z,59,25.56,9472,3,54911,21
2020-11-25T11:00:00Z,47,27.72,9477,3,54828,27
2020-11-25T12:00:00Z,45,29.3,9476,3,54732,30
2020-11-25T13:00:00Z,45,30.2,9474,3,54625,33
2020-11-25T14:00:00Z,40,32.82,9469,3,54508,35
2020-11-25T15:00:00Z,36,34.3,9459,3,54379,38
2020-11-25T16:00:00Z,32,35.28,9451,3,54246,39
2020-11-25T17:00:00Z,32,35.92,9441,3,54113,39
2020-11-25T18:00:00Z,28,37,9434,3,53979,39
2020-11-25T19:00:00Z,29,36.3,9426,3,53842,41
2020-11-25T20:00:00Z,33,33.88,9422,3,53713,38
2020-11-25T21:00:00Z,32,34.66,9417,3,53600,34
2020-11-25T22:00:00Z,41,29.54,9418,3,53496,32
2020-11-25T23:00:00Z,46,27.06,9423,3,53411,27
2020-11-26T00:00:00Z,48,27.3,9431,3,53333,25
2020-11-26T01:00:00Z,49,25.92,9436,3,53255,25
2020-11-26T02:00:00Z,61,24.94,9440,3,53182,23
2020-11-26T03:00:00Z,59,24.28,9438,3,53110,23
2020-11-26T04:00:00Z,54,24.88,9430,3,53041,22
2020-11-26T05:00:00Z,59,23.26,9426,3,52973,22
2020-11-26T06:00:00Z,59,22.04,9423,3,52908,21
2020-11-26T07:00:00Z,64,21.8,9426,3,52846,19
2020-11-26T08:00:00Z,66,21.26,9433,3,52786,19
2020-11-26T09:00:00Z,75,20.4,9437,3,52728,19
2020-11-26T10:00:00Z,54,26.66,9442,3,52662,21
2020-11-26T11:00:00Z,46,29.48,9456,3,52575,28
2020-11-26T12:00:00Z,44,30.6,9457,3,52475,31
2020-11-26T13:00:00Z,43,31.58,9455,3,52368,33
2020-11-26T14:00:00Z,40,32.64,9450,3,52254,35
2020-11-26T15:00:00Z,33,35.78,9442,3,52126,38
2020-11-26T16:00:00Z,30,36.22,9432,3,51991,39
2020-11-26T17:00:00Z,31,36.02,9426,3,51852,41
2020-11-26T18:00:00Z,30,35.52,9420,3,51723,38
2020-11-26T19:00:00Z,32,34.6,9415,3,51603,37
2020-11-26T20:00:00Z,32,35.22,9408,3,51486,36
2020-11-26T21:00:00Z,37,33.18,9409,3,51375,34
2020-11-26T22:00:00Z,69,23.64,9418,3,50927,26
2020-11-26T23:00:00Z,66,24.22,9425,3,50859,22
2020-11-27T00:00:00Z,72,22.28,9433,3,50792,21
2020-11-27T01:00:00Z,71,23.7,9444,3,50727,21
2020-11-27T02:00:00Z,80,22.76,9441,3,50658,22
2020-11-27T03:00:00Z,75,22.96,9434,3,50591,22
2020-11-27T04:00:00Z,82,21.36,9433,3,50526,21
2020-11-27T05:00:00Z,77,22.2,9428,3,50462,20
2020-11-27T06:00:00Z,74,22.3,9428,3,50400,20
2020-11-27T07:00:00Z,75,21.96,9430,3,50338,20
2020-11-27T08:00:00Z,73,22,9432,3,50276,20
2020-11-27T09:00:00Z,72,22.66,9444,3,50216,20
2020-11-27T10:00:00Z,68,24.46,9457,3,50146,22
2020-11-27T11:00:00Z,65,25.22,9467,3,50067,25
2020-11-27T12:00:00Z,51,30.2,9471,3,49973,29
2020-11-27T13:00:00Z,44,31.62,9467,3,49859,35
2020-11-27T14:00:00Z,43,32.1,9463,3,49741,36
2020-11-27T15:00:00Z,41,33.5,9457,3,49616,38
2020-11-27T16:00:00Z,35,35.88,9448,3,49482,40
2020-11-27T17:00:00Z,35,36.22,9435,3,49341,41
2020-11-27T18:00:00Z,32,35.96,9424,3,49204,41
2020-11-27T19:00:00Z,37,33.7,9417,3,49067,40
2020-11-27T20:00:00Z,38,33.1,9417,3,48954,34
2020-11-27T21:00:00Z,37,31.78,9421,3,48846,33
2020-11-27T22:00:00Z,56,27.92,9428,3,48753,29
2020-11-27T23:00:00Z,63,24.96,9449,3,48667,26
2020-11-28T00:00:00Z,72,22.86,9453,3,48591,23
2020-11-28T01:00:00Z,75,22.5,9465,3,48522,22
2020-11-28T02:00:00Z,73,22.48,9468,3,48453,22
2020-11-28T03:00:00Z,83,20.86,9484,3,48246,21
2020-11-28T04:00:00Z,92,19.46,9471,3,47673,19
2020-11-28T05:00:00Z,92,19.32,9463,3,47514,18
2020-11-28T06:00:00Z,87,19.76,9458,3,47456,18
2020-11-28T07:00:00Z,90,19.66,9462,3,47398,18
2020-11-28T08:00:00Z,89,19.62,9464,3,47339,19
2020-11-28T09:00:00Z,87,19.96,9469,3,47282,19
2020-11-28T10:00:00Z,88,20.32,9476,3,47223,19
2020-11-28T11:00:00Z,86,20.96,9477,3,47160,19
2020-11-28T12:00:00Z,76,25.18,9474,3,47089,21
2020-11-28T13:00:00Z,59,29.08,9476,3,46995,30
2020-11-28T14:00:00Z,53,29.62,9476,3,46881,35
2020-11-28T15:00:00Z,47,32.98,9471,3,46756,38
2020-11-28T16:00:00Z,40,33.86,9465,3,46623,40
2020-11-28T17:00:00Z,39,35.16,9458,3,46488,40
2020-11-28T18:00:00Z,33,36.82,9445,3,46346,42
2020-11-28T19:00:00Z,31,37.8,9435,3,46204,42
2020-11-28T20:00:00Z,45,33.12,9429,3,46074,38
2020-11-28T21:00:00Z,50,31.7,9430,3,45969,33
2020-11-28T22:00:00Z,58,28.12,9433,3,45873,30
2020-11-28T23:00:00Z,62,26.88,9447,3,45771,26
2020-11-29T00:00:00Z,69,25.06,9453,3,45693,25
2020-11-29T01:00:00Z,69,25.06,9457,3,45621,23
2020-11-29T02:00:00Z,70,24.62,9462,3,45549,23
2020-11-29T03:00:00Z,73,24.52,9461,3,45477,23
2020-11-29T04:00:00Z,70,24.64,9455,3,45405,23
2020-11-29T05:00:00Z,73,23.84,9450,3,45334,23
2020-11-29T06:00:00Z,72,23.4,9446,3,45264,22
2020-11-29T07:00:00Z,74,22.78,9447,3,45197,21
2020-11-29T08:00:00Z,77,22.2,9452,3,45133,21
2020-11-29T09:00:00Z,76,22.4,9459,3,45069,21
2020-11-29T10:00:00Z,72,24.06,9462,3,45002,21
2020-11-29T11:00:00Z,62,27.88,9462,3,44925,25
2020-11-29T12:00:00Z,55,29.6,9461,3,44828,31
2020-11-29T13:00:00Z,49,31.84,9463,3,44716,34
2020-11-29T14:00:00Z,44,33.24,9459,3,44594,37
2020-11-29T15:00:00Z,42,34.14,9453,3,44468,38
2020-11-29T16:00:00Z,35,37.14,9442,3,44330,41
2020-11-29T17:00:00Z,31,38.66,9432,3,44191,41
2020-11-29T18:00:00Z,34,37.22,9420,3,44041,43
2020-11-29T19:00:00Z,42,33.18,9417,3,43915,38
2020-11-29T20:00:00Z,61,26.62,9420,3,43819,30
2020-11-29T21:00:00Z,75,22.14,9438,3,43700,25
2020-11-29T22:00:00Z,78,21.22,9433,3,43617,20
2020-11-29T23:00:00Z,77,21.36,9436,3,43547,20
2020-11-30T00:00:00Z,81,20.68,9449,3,43484,20
2020-11-30T01:00:00Z,82,20.36,9452,3,43423,19
2020-11-30T02:00:00Z,79,20.76,9446,3,43363,19
2020-11-30T03:00:00Z,78,20.92,9438,3,43302,19
2020-11-30T04:00:00Z,80,20.68,9432,3,43242,19
2020-11-30T05:00:00Z,80,20.68,9426,3,43181,19
2020-11-30T06:00:00Z,81,20.44,9429,3,43120,19
2020-11-30T07:00:00Z,80,20.52,9437,3,43058,19
2020-11-30T08:00:00Z,80,20.58,9435,3,42997,19
2020-11-30T09:00:00Z,79,21.62,9436,3,42930,19
2020-11-30T10:00:00Z,75,22.88,9437,3,42866,20
2020-11-30T11:00:00Z,60,27.58,9444,3,42793,24
2020-11-30T12:00:00Z,58,27.04,9448,3,42702,29
2020-11-30T13:00:00Z,68,25.36,9467,3,42612,28
2020-11-30T14:00:00Z,79,23.5,9467,3,42515,23
2020-11-30T15:00:00Z,75,24.46,9462,3,42435,25
2020-11-30T16:00:00Z,65,26.52,9459,3,42351,27
2020-11-30T17:00:00Z,56,29.14,9451,3,42251,31
2020-11-30T18:00:00Z,60,27.48,9444,3,42148,32
2020-11-30T19:00:00Z,50,31.14,9433,3,42050,30
2020-11-30T20:00:00Z,48,29.1,9430,3,41940,34
2020-11-30T21:00:00Z,55,26.86,9434,3,41846,29
2020-11-30T22:00:00Z,70,24.28,9437,3,41765,25
2020-11-30T23:00:00Z,77,23.28,9436,3,41685,22
2020-12-01T00:00:00Z,84,21.68,9439,3,41619,21
2020-12-01T01:00:00Z,83,21.86,9444,3,41557,20
2020-12-01T02:00:00Z,84,22,9444,3,41493,20
2020-12-01T03:00:00Z,85,21.9,9440,3,41429,20
2020-12-01T04:00:00Z,88,21.28,9431,3,41366,20
2020-12-01T05:00:00Z,82,21.94,9426,3,41303,20
2020-12-01T06:00:00Z,91,20.64,9426,3,41240,20
2020-12-01T07:00:00Z,87,21.42,9426,3,41154,20
2020-12-01T08:00:00Z,88,20.86,9429,3,41093,19
2020-12-01T09:00:00Z,86,21.18,9434,3,41035,19
2020-12-01T10:00:00Z,80,23.56,9440,3,40970,21
2020-12-01T11:00:00Z,80,24.34,9444,3,40897,23
2020-12-01T12:00:00Z,64,28.6,9447,3,40814,26
2020-12-01T13:00:00Z,55,29.62,9449,3,40713,32
2020-12-01T14:00:00Z,55,29.34,9451,3,40607,33
2020-12-01T15:00:00Z,57,29.2,9446,3,40510,30
2020-12-01T16:00:00Z,55,28.72,9443,3,40412,31
2020-12-01T17:00:00Z,84,24.78,9435,3,40301,26
2020-12-01T18:00:00Z,74,27.28,9426,3,40215,25
2020-12-01T19:00:00Z,57,28.66,9417,3,40121,30
2020-12-01T20:00:00Z,50,30.86,9409,3,40027,30
2020-12-01T21:00:00Z,53,30.02,9411,3,39920,33
2020-12-01T22:00:00Z,65,26.56,9416,3,39829,28
2020-12-01T23:00:00Z,71,25.2,9419,3,39750,25
2020-12-02T00:00:00Z,75,24.02,9418,3,39678,23
2020-12-02T01:00:00Z,76,23.6,9430,3,39611,21
2020-12-02T02:00:00Z,81,23.18,9433,3,39542,22
2020-12-02T03:00:00Z,81,22.7,9425,3,39475,21
2020-12-02T04:00:00Z,80,22.92,9415,3,39410,21
2020-12-02T05:00:00Z,86,21.94,9421,3,39346,20
2020-12-02T06:00:00Z,85,21.12,9419,3,39283,20
2020-12-02T07:00:00Z,83,21.42,9418,3,39223,19
2020-12-02T08:00:00Z,87,21.04,9423,3,39162,19
2020-12-02T09:00:00Z,89,20.88,9426,3,39103,19
2020-12-02T10:00:00Z,77,24.5,9431,3,39039,21
2020-12-02T11:00:00Z,73,25.38,9439,3,38961,25
2020-12-02T12:00:00Z,62,28.72,9441,3,38871,29
2020-12-02T13:00:00Z,57,30.22,9440,3,38765,33
2020-12-02T14:00:00Z,53,30.94,9436,3,38649,36
2020-12-02T15:00:00Z,53,30.98,9432,3,38525,37
2020-12-02T16:00:00Z,51,32.02,9423,3,38405,36
2020-12-02T17:00:00Z,51,31.64,9412,3,38284,37
2020-12-02T18:00:00Z,47,32.24,9395,3,38157,38
2020-12-02T19:00:00Z,56,29.78,9380,3,38053,32
2020-12-02T20:00:00Z,55,30.22,9373,3,37957,30
2020-12-02T21:00:00Z,55,29.86,9382,3,37856,32
2020-12-02T22:00:00Z,58,28.3,9389,3,37765,29
2020-12-02T23:00:00Z,83,23.02,9400,3,37659,24
2020-12-03T00:00:00Z,82,21.92,9402,3,37592,21
2020-12-03T01:00:00Z,84,22.2,9400,3,37529,20
2020-12-03T02:00:00Z,82,22.82,9404,3,37464,21
2020-12-03T03:00:00Z,82,23,9410,3,37398,21
2020-12-03T04:00:00Z,80,23.38,9400,3,37330,21
2020-12-03T05:00:00Z,82,23.18,9392,3,37262,22
2020-12-03T06:00:00Z,80,23.5,9388,3,37194,22
2020-12-03T07:00:00Z,82,23.36,9390,3,37125,22
2020-12-03T08:00:00Z,80,20.46,9401,3,37055,21
2020-12-03T09:00:00Z,83,19.9,9407,3,36995,19
2020-12-03T10:00:00Z,83,20.38,9410,3,36934,19
2020-12-03T11:00:00Z,82,20.98,9426,3,36870,20
2020-12-03T12:00:00Z,80,20.88,9430,3,36805,20
2020-12-03T13:00:00Z,85,19.8,9431,3,36733,19
2020-12-03T14:00:00Z,94,18.62,9442,3,36334,18
2020-12-03T15:00:00Z,91,19.28,9444,3,35843,18
2020-12-03T16:00:00Z,94,18.9,9440,3,35492,18
2020-12-03T17:00:00Z,90,19.7,9420,3,35355,18
2020-12-03T18:00:00Z,83,21.42,9413,3,35287,20
2020-12-03T19:00:00Z,86,20.88,9412,3,35217,20
2020-12-03T20:00:00Z,90,20.98,9409,3,35132,19
2020-12-03T21:00:00Z,93,20.62,9408,3,35068,20
2020-12-03T22:00:00Z,94,20.08,9406,3,35007,19
2020-12-03T23:00:00Z,97,19.44,9415,3,34948,19
2020-12-04T00:00:00Z,97,18.98,9428,3,34889,19
2020-12-04T01:00:00Z,97,18.62,9441,3,34833,17
2020-12-04T02:00:00Z,97,18.46,9441,3,34778,17
2020-12-04T03:00:00Z,96,18.82,9428,3,34723,17
2020-12-04T04:00:00Z,94,19.36,9417,3,34665,18
2020-12-04T05:00:00Z,95,18.84,9423,3,34608,18
2020-12-04T06:00:00Z,96,18.62,9429,3,34552,18
2020-12-04T07:00:00Z,96,18.48,9433,3,34496,18
2020-12-04T08:00:00Z,97,18.68,9440,3,34441,18
2020-12-04T09:00:00Z,97,18.28,9445,3,34389,17
2020-12-04T10:00:00Z,85,22.54,9451,3,34332,18
2020-12-04T11:00:00Z,77,23.96,9456,3,34264,22
2020-12-04T12:00:00Z,74,25.26,9454,3,34183,26
2020-12-04T13:00:00Z,75,24.5,9458,3,34098,27
2020-12-04T14:00:00Z,77,24.64,9467,3,34019,26
2020-12-04T15:00:00Z,91,21.7,9464,3,33902,24
2020-12-04T16:00:00Z,87,23.28,9464,3,33766,21
2020-12-04T17:00:00Z,83,23.26,9460,3,33674,22
2020-12-04T18:00:00Z,87,21.9,9448,3,33548,22
2020-12-04T19:00:00Z,91,21.7,9442,3,33448,21
2020-12-04T20:00:00Z,91,21.72,9438,3,33361,21
2020-12-04T21:00:00Z,90,21.8,9444,3,33296,21
2020-12-04T22:00:00Z,93,21.52,9445,3,33231,21
2020-12-04T23:00:00Z,94,21.14,9453,3,33164,20
2020-12-05T00:00:00Z,95,20.92,9450,3,33101,20
2020-12-05T01:00:00Z,92,20.88,9452,3,33039,20
2020-12-05T02:00:00Z,94,20.7,9457,3,32978,20
2020-12-05T03:00:00Z,95,20.38,9452,3,32916,19
2020-12-05T04:00:00Z,96,20.54,9451,3,32856,19
2020-12-05T05:00:00Z,95,20.58,9443,3,32796,19
2020-12-05T06:00:00Z,94,20.56,9443,3,32735,19
2020-12-05T07:00:00Z,95,20.48,9445,3,32675,19
2020-12-05T08:00:00Z,95,20.36,9449,3,32614,19
2020-12-05T09:00:00Z,96,20.16,9455,3,32554,19
2020-12-05T10:00:00Z,93,21.36,9456,3,32493,19
2020-12-05T11:00:00Z,89,22.24,9465,3,32425,22
2020-12-05T12:00:00Z,86,22.72,9467,3,32355,22
2020-12-05T13:00:00Z,88,22.3,9468,3,32282,23
2020-12-05T14:00:00Z,84,23.74,9465,3,32208,24
2020-12-05T15:00:00Z,81,24.26,9467,3,32128,25
2020-12-05T16:00:00Z,84,24.08,9457,3,32052,24
2020-12-05T17:00:00Z,91,22.44,9457,3,31902,23
2020-12-05T18:00:00Z,92,22.62,9451,3,31393,21
2020-12-05T19:00:00Z,89,23.6,9445,3,31322,23
2020-12-05T20:00:00Z,88,23.88,9440,3,31249,24
2020-12-05T21:00:00Z,89,22.34,9441,3,31177,23
2020-12-05T22:00:00Z,89,21.82,9440,3,31111,21
2020-12-05T23:00:00Z,86,21.32,9441,3,31042,20
2020-12-06T00:00:00Z,90,19.82,9450,3,30982,19
2020-12-06T01:00:00Z,89,19.46,9456,3,30923,19
2020-12-06T02:00:00Z,88,19.06,9460,3,30866,18
2020-12-06T03:00:00Z,89,18.78,9455,3,30810,18
2020-12-06T04:00:00Z,89,18.92,9451,3,30754,18
2020-12-06T05:00:00Z,90,18.84,9445,3,30697,18
2020-12-06T06:00:00Z,91,18.26,9442,3,30642,17
2020-12-06T07:00:00Z,89,18.3,9438,3,30588,17
2020-12-06T08:00:00Z,89,18.24,9442,3,30534,17
2020-12-06T09:00:00Z,88,18.42,9447,3,30483,17
2020-12-06T10:00:00Z,84,19.5,9452,3,30427,18
2020-12-06T11:00:00Z,83,20.3,9458,3,30365,20
2020-12-06T12:00:00Z,79,21.46,9462,3,30298,21
2020-12-06T13:00:00Z,75,22.78,9460,3,30225,23
2020-12-06T14:00:00Z,70,23.88,9455,3,30139,27
2020-12-06T15:00:00Z,73,24.28,9452,3,30056,27
2020-12-06T16:00:00Z,66,26.22,9448,3,29970,27
2020-12-06T17:00:00Z,65,26.24,9442,3,29879,29
2020-12-06T18:00:00Z,71,25.26,9438,3,29794,27
2020-12-06T19:00:00Z,73,24.88,9428,3,29711,26
2020-12-06T20:00:00Z,72,24.9,9427,3,29626,27
2020-12-06T21:00:00Z,78,23.58,9430,3,29546,25
2020-12-06T22:00:00Z,82,22.48,9433,3,29475,23
2020-12-06T23:00:00Z,83,21.88,9441,3,29403,21
2020-12-07T00:00:00Z,86,20.84,9441,3,29339,20
2020-12-07T01:00:00Z,86,20.36,9444,3,29278,19
2020-12-07T02:00:00Z,86,20,9445,3,29219,19
2020-12-07T03:00:00Z,87,19.5,9443,3,29160,18
2020-12-07T04:00:00Z,88,18.94,9439,3,29104,18
2020-12-07T05:00:00Z,90,18.54,9436,3,29049,17
2020-12-07T06:00:00Z,90,18.5,9434,3,28994,17
2020-12-07T07:00:00Z,89,18.42,9435,3,28940,17
2020-12-07T08:00:00Z,89,18.46,9436,3,28886,17
2020-12-07T09:00:00Z,88,18.7,9441,3,28834,17
2020-12-07T10:00:00Z,80,20.46,9447,3,28776,18
2020-12-07T11:00:00Z,66,24.72,9448,3,28709,21
2020-12-07T12:00:00Z,66,25.5,9451,3,28625,27
2020-12-07T13:00:00Z,59,27.58,9449,3,28527,31
2020-12-07T14:00:00Z,59,28.04,9450,3,28413,35
2020-12-07T15:00:00Z,63,27.2,9449,3,28303,34
2020-12-07T16:00:00Z,61,28.22,9444,3,28210,29
2020-12-07T17:00:00Z,68,26.22,9438,3,28109,31
2020-12-07T18:00:00Z,66,27.48,9429,3,27943,27
2020-12-07T19:00:00Z,60,29.26,9424,3,27836,33
2020-12-07T20:00:00Z,55,29.44,9419,3,27735,31
2020-12-07T21:00:00Z,59,28.48,9420,3,27635,31
2020-12-07T22:00:00Z,68,24.82,9424,3,27548,27
2020-12-07T23:00:00Z,80,21.68,9428,3,27480,22
2020-12-08T00:00:00Z,89,20.34,9432,3,27419,19
2020-12-08T01:00:00Z,89,20.1,9439,3,27361,19
2020-12-08T02:00:00Z,92,19.42,9442,3,27303,18
2020-12-08T03:00:00Z,95,18.38,9439,3,27247,17
2020-12-08T04:00:00Z,88,20.04,9433,3,27190,17
2020-12-08T05:00:00Z,93,18.9,9431,3,27133,18
2020-12-08T06:00:00Z,93,17.86,9429,3,27078,17
2020-12-08T07:00:00Z,96,18.04,9432,3,27025,16
2020-12-08T08:00:00Z,96,18.02,9435,3,26971,17
2020-12-08T09:00:00Z,96,17.72,9442,3,26921,16
2020-12-08T10:00:00Z,87,22.04,9447,3,26864,18
2020-12-08T11:00:00Z,74,25.82,9450,3,26793,23
2020-12-08T12:00:00Z,68,26.76,9451,3,26711,26
2020-12-08T13:00:00Z,59,28.5,9452,3,26620,28
2020-12-08T14:00:00Z,53,30.24,9448,3,26500,37
2020-12-08T15:00:00Z,43,32.6,9443,3,26377,37
2020-12-08T16:00:00Z,37,33.82,9438,3,26253,38
2020-12-08T17:00:00Z,39,33.28,9432,3,26122,39
2020-12-08T18:00:00Z,35,32.3,9426,3,25998,38
2020-12-08T19:00:00Z,35,32.4,9418,3,25874,37
2020-12-08T20:00:00Z,36,31.76,9416,3,25758,35
2020-12-08T21:00:00Z,37,30.94,9414,3,25650,33
2020-12-08T22:00:00Z,60,25.74,9417,3,25557,29
2020-12-08T23:00:00Z,70,22.96,9422,3,25486,22
2020-12-09T00:00:00Z,79,21.48,9427,3,25423,20
2020-12-09T01:00:00Z,79,21.4,9434,3,25361,20
2020-12-09T02:00:00Z,71,21.66,9436,3,25299,19
2020-12-09T03:00:00Z,77,20.56,9434,3,25238,19
2020-12-09T04:00:00Z,80,19.64,9431,3,25180,18
2020-12-09T05:00:00Z,88,18.32,9427,3,25125,17
2020-12-09T06:00:00Z,80,18.9,9421,3,25071,17
2020-12-09T07:00:00Z,78,18.66,9422,3,25016,17
2020-12-09T08:00:00Z,76,18.38,9426,3,24962,17
2020-12-09T09:00:00Z,84,17.94,9435,3,24911,17
2020-12-09T10:00:00Z,62,25.46,9441,3,24854,18
2020-12-09T11:00:00Z,48,28.42,9445,3,24775,25
2020-12-09T12:00:00Z,52,28.66,9447,3,24677,31
2020-12-09T13:00:00Z,50,31.34,9449,3,24567,34
2020-12-09T14:00:00Z,43,32.92,9446,3,24440,38
2020-12-09T15:00:00Z,35,34.2,9442,3,24303,41
2020-12-09T16:00:00Z,32,34.9,9436,3,24163,41
2020-12-09T17:00:00Z,34,32.36,9428,3,24025,41
2020-12-09T18:00:00Z,38,31.86,9419,3,23903,37
2020-12-09T19:00:00Z,53,28.98,9413,3,23796,31
2020-12-09T20:00:00Z,49,28.84,9405,3,23701,29
2020-12-09T21:00:00Z,38,31.42,9405,3,23598,32
2020-12-09T22:00:00Z,47,27.24,9407,3,23502,30
2020-12-09T23:00:00Z,51,24.26,9415,3,23426,24
2020-12-10T00:00:00Z,55,24.16,9423,3,23358,22
2020-12-10T01:00:00Z,66,21.58,9428,3,23292,21
2020-12-10T02:00:00Z,66,21.68,9433,3,23229,20
2020-12-10T03:00:00Z,75,20.28,9432,3,23167,19
2020-12-10T04:00:00Z,74,20.48,9427,3,23108,19
2020-12-10T05:00:00Z,81,19.16,9425,3,23052,18
2020-12-10T06:00:00Z,73,19.8,9423,3,22999,16
2020-12-10T07:00:00Z,75,19.9,9422,3,22944,17
2020-12-10T08:00:00Z,76,19.44,9422,3,22888,18
2020-12-10T09:00:00Z,78,19.28,9426,3,22835,17
2020-12-10T10:00:00Z,63,23.36,9432,3,22775,19
2020-12-10T11:00:00Z,57,25.88,9437,3,22699,24
2020-12-10T12:00:00Z,55,27.34,9440,3,22607,29
2020-12-10T13:00:00Z,49,29.38,9439,3,22503,33
2020-12-10T14:00:00Z,47,31.04,9439,3,22387,35
2020-12-10T15:00:00Z,44,32.56,9436,3,22260,38
2020-12-10T16:00:00Z,39,34.6,9429,3,22128,39
2020-12-10T17:00:00Z,35,34.38,9421,3,21997,39
2020-12-10T18:00:00Z,29,35.78,9411,3,21853,42
2020-12-10T19:00:00Z,30,35.7,9402,3,21716,40
2020-12-10T20:00:00Z,36,32.88,9394,3,21588,38
2020-12-10T21:00:00Z,36,33.78,9390,3,21472,35
2020-12-10T22:00:00Z,47,29.4,9395,3,21370,31
2020-12-10T23:00:00Z,59,25.2,9405,3,21288,26
2020-12-11T00:00:00Z,61,23.62,9411,3,21218,22
2020-12-11T01:00:00Z,60,23.34,9418,3,21153,21
2020-12-11T02:00:00Z,71,22.04,9419,3,21088,21
2020-12-11T03:00:00Z,60,22.96,9416,3,21025,20
2020-12-11T04:00:00Z,75,20.06,9412,3,20962,20
2020-12-11T05:00:00Z,69,22.14,9409,3,20902,19
2020-12-11T06:00:00Z,73,21.16,9409,3,20840,20
2020-12-11T07:00:00Z,78,20.16,9412,3,20780,19
2020-12-11T08:00:00Z,80,19.48,9416,3,20723,18
2020-12-11T09:00:00Z,82,19.48,9422,3,20669,17
2020-12-11T10:00:00Z,69,24,9429,3,20606,19
2020-12-11T11:00:00Z,63,25.44,9436,3,20529,25
2020-12-11T12:00:00Z,60,27.16,9439,3,20442,28
2020-12-11T13:00:00Z,56,29.06,9440,3,20344,30
